sample,11718185_a_at,11725976_a_at,11754863_s_at,11726632_at,11720493_s_at,11740162_a_at,11760963_x_at,11730431_a_at,11716903_a_at,11717544_a_at,11724484_a_at,11725440_a_at,11721513_a_at,200021_PM_at,11741435_s_at,11748747_a_at,11745742_s_at,11732181_x_at,11718196_x_at,11736017_s_at,11723156_a_at,11731426_s_at,11752510_x_at,11722269_a_at,11722387_at,11720097_at,11742686_a_at,11755572_x_at,11728989_a_at,11754831_a_at,11737749_a_at,11746456_x_at,11722270_at,11718120_at,11718121_x_at,11725924_a_at,11741351_s_at,11721716_s_at,11756827_a_at,11723842_s_at,11727841_a_at,11744067_s_at,11736575_x_at,11715706_x_at,11733768_x_at,11720230_at,11740553_a_at,11755411_a_at,11736084_a_at,11744351_a_at,11737423_a_at,11757569_a_at,11747203_x_at,11756894_a_at,11757379_a_at,11754197_x_at,11716908_a_at,11720644_a_at,11716904_s_at,11757525_s_at,11717324_at,11724807_at,11733802_a_at,11732135_a_at,11753909_x_at,11719025_a_at,11756746_s_at,11719038_a_at,11731879_a_at,11725813_at,11722752_a_at,11721719_at,11757904_s_at,11758386_s_at,11722216_a_at,11724979_a_at,11742418_a_at,11722960_a_at,11716765_s_at,11732189_at,11724326_a_at,11731424_x_at,11758090_s_at,11763266_at,11741091_a_at,11757808_s_at,11720380_a_at,11752509_s_at,11731437_at,11723400_a_at,11751164_a_at,11720739_s_at,11733803_x_at,11728840_at,11728972_a_at,11723401_x_at,11717208_at,11747623_a_at,11717752_s_at,11756532_a_at,class
GSM3507251,5.068588,5.53645,7.169374,7.621214,8.448059,7.551556,7.450402,7.910014,8.32734,6.537779,7.658872,7.284442,8.488585,12.03285,9.703982,8.189856,8.727583,7.700546,9.127239,9.331211,7.712684,8.883381,11.16364,7.916088,8.514828,5.640323,9.028793,7.207482,7.686244,5.903864,5.907757,5.673154,9.010933,7.5092,7.268853,6.245884,6.277891,4.055935,5.112565,6.584121,8.156808,8.089993,4.59707,8.132582,8.176045,7.249638,5.381547,6.053491,6.572055,7.051099,7.220813,7.516042,6.971961,3.594827,8.038507,5.395819,9.936067,8.703009,9.840144,8.061222,7.750637,8.097454,7.338914,6.570759,8.020668,8.038479,7.046669,7.510606,5.737544,6.684678,7.165733,7.36481,7.487372,6.582211,7.216076,7.584051,7.72206,7.394626,8.562588,6.674191,8.89839,8.27248,5.391935,6.744049,5.836695,7.103759,8.894444,11.57394,7.202933,9.978194,7.471599,7.425634,7.377498,4.367069,5.400742,9.96966,5.905739,7.207993,8.689798,9.580909,control
GSM3507252,4.87887,6.06991,6.847307,7.036624,8.417543,7.810754,7.445183,8.134713,8.017219,6.363181,7.262102,7.393279,8.342548,11.62258,9.452919,7.68324,8.709167,8.277582,9.028412,9.814264,7.921813,9.93073,11.37396,7.527353,7.947226,6.098707,9.333565,6.613277,6.974357,5.803768,5.931967,4.884813,8.594865,6.452204,6.174463,6.127057,5.620863,3.556788,6.081429,7.202921,8.199888,7.558415,4.047034,7.641633,8.176445,7.855965,5.813973,5.86121,5.982122,7.503971,7.130261,6.863097,6.857371,4.853357,8.080787,5.218613,10.72415,7.93484,9.564043,6.829535,7.847418,7.632637,8.894677,6.653621,7.383189,7.767545,8.148092,7.855804,5.332871,6.760154,6.350645,7.947299,7.783518,5.967401,7.067196,7.522883,7.846498,7.256868,9.129134,7.552304,7.972333,9.327426,5.617705,6.874433,6.065416,6.506765,8.980911,11.74361,6.380632,9.47895,8.073334,7.732307,8.568503,4.822172,6.481437,9.386147,5.957489,6.916512,8.673005,8.8106,control
GSM3507253,4.958467,6.300553,7.186956,7.646685,8.875138,7.955297,7.228837,8.236191,7.698497,6.294875,7.384308,7.86091,8.823877,11.77836,9.878913,8.270237,8.87709,8.552776,9.455983,10.17754,8.237024,10.18536,11.01832,7.838542,8.166746,6.050283,9.856264,7.103234,8.020914,6.021646,6.644976,5.005394,8.834681,6.756976,6.479235,6.366176,5.844117,3.586291,5.427165,7.079804,8.435409,7.562035,3.388205,8.112663,8.332237,7.811562,5.456543,5.720421,6.191778,7.474967,6.894631,7.050146,7.046392,4.556423,8.09972,5.427796,10.78386,8.175456,9.395083,7.610276,7.889512,7.876971,9.111961,6.196196,7.416202,7.672214,8.319949,7.955504,5.067955,6.780731,6.503136,7.176977,7.763012,5.96632,7.083027,7.743319,7.98245,7.038195,9.121082,7.542717,8.322279,9.612012,6.013176,6.759191,5.969116,6.713599,9.482801,11.51599,6.566023,9.651707,8.712068,7.719867,8.951232,5.065114,6.298449,9.748951,5.922,7.361345,8.986292,9.21331,control
GSM3507254,4.489721,5.67815,6.630012,6.992864,8.585331,8.279014,7.318791,7.415064,7.254376,6.026068,7.454005,7.626135,8.552614,11.69792,9.583901,8.079557,8.704805,8.087951,9.152808,9.985329,7.949885,10.09885,10.88236,7.934577,8.253588,6.205809,8.943087,6.689059,7.598831,5.484623,5.828697,5.588475,8.756201,6.586763,6.422689,6.431002,5.712595,3.067949,5.691294,7.280993,8.428543,7.086843,4.320416,7.511383,8.182264,7.638071,5.45153,5.970418,6.245513,7.606704,6.846465,6.663929,6.92183,4.716424,7.856642,5.134164,10.24079,7.603157,8.933875,7.339694,7.417112,7.535816,8.738244,6.331765,7.538619,7.461439,8.400627,8.030119,5.039582,6.236564,6.432578,6.790924,7.275455,5.375432,7.128406,7.308852,7.487691,6.717514,8.617569,7.66987,8.062462,9.442129,6.090788,6.981222,5.668448,6.744932,9.056139,11.38066,6.464061,9.604466,7.824624,7.636132,8.398829,4.628168,6.067519,9.440219,5.67438,7.177618,8.705568,9.133402,control
GSM3507255,4.954717,6.27405,7.066034,6.855478,8.203747,7.619632,7.106962,7.765334,7.703197,6.424741,7.317819,6.91629,7.972628,11.28551,9.437935,7.53132,8.641754,7.787099,8.745297,9.431957,7.628964,9.467289,10.96352,7.34833,7.563685,5.893425,9.141457,6.581616,6.582423,5.351885,5.943653,4.556832,8.475085,6.332696,6.048153,6.036326,5.608801,3.347776,6.376868,6.805357,7.479891,7.537863,3.761542,7.063701,6.909436,7.637894,5.549139,5.684882,5.670493,7.4134,7.384308,7.183241,6.795727,3.998066,8.085351,5.158254,9.943827,7.548885,9.160627,7.286084,7.450139,7.362434,8.422535,6.636726,7.553653,7.836516,8.076045,7.619634,5.507451,6.397424,7.051777,7.971908,7.553207,5.454882,6.376297,7.41781,7.434625,6.994484,8.631206,7.15205,8.015157,9.070146,6.147882,7.044885,5.795471,6.235463,8.656418,11.35983,6.435731,9.333277,7.726694,8.26687,8.238141,4.16933,6.082865,9.224038,5.765192,6.824111,8.809027,8.968618,control
GSM3507256,5.026825,5.790744,6.338869,7.5934,7.620011,7.170622,7.149752,7.462925,7.633769,6.73873,7.506351,6.421734,8.179205,12.05839,9.41305,7.440919,8.259846,6.300946,8.711887,8.884085,7.000249,8.377395,10.3711,7.245463,7.702156,5.350395,7.981217,6.66684,6.864935,6.112819,4.564451,5.089607,8.369453,6.572055,6.150129,5.844117,5.740598,2.871085,4.676554,6.214593,6.702563,7.101995,4.311369,8.060129,5.891061,7.446639,5.612411,5.763569,6.160478,6.987682,6.894126,7.274505,6.755491,4.522884,7.736377,5.003745,9.887175,6.533226,9.349815,7.635386,7.703897,7.839975,7.06696,6.482732,7.310133,7.61295,6.978367,7.099278,5.03159,6.092358,7.552937,7.056522,7.033675,6.188156,6.558576,6.166864,8.142658,6.954577,9.211644,6.672715,7.436585,7.512584,5.722335,7.289321,5.94494,7.069664,8.326177,10.8527,7.209698,9.503663,6.792196,7.891709,6.962507,3.326162,5.030077,9.401601,5.947084,6.519888,7.87194,8.868509,control
GSM3507257,4.65799,5.902161,6.413543,5.70362,7.843433,7.292274,6.271384,6.959266,6.790141,5.797101,7.113233,6.22283,8.136348,10.78731,8.647195,7.23565,8.047878,7.192511,8.578646,8.787088,6.957628,8.154092,10.11015,6.500339,6.85543,5.902458,7.92602,6.395216,5.330185,5.025411,6.26468,4.457682,7.734631,5.948253,5.806346,6.263889,3.954486,3.449654,5.997461,6.168605,6.953466,6.86514,3.443343,7.116812,6.487532,7.2156,5.391332,5.503099,6.052058,6.706962,6.900512,6.56115,6.23807,4.787823,7.320251,4.597013,9.613309,6.976356,8.57718,6.262563,6.800228,6.664798,7.500005,6.413609,7.128453,7.390113,7.727487,7.223094,4.546177,6.209705,6.296365,6.804101,7.129046,4.397087,6.586873,6.211066,7.569873,6.544168,7.567106,6.058213,7.227873,7.753816,5.937318,6.524286,5.446461,5.700577,7.50727,10.38698,6.175801,8.965521,6.237437,7.621282,6.841423,2.549493,5.08669,8.924718,5.173074,6.716922,8.557851,8.269028,control
GSM3507258,5.000751,6.460577,7.163487,7.878526,9.497424,8.874969,8.168674,8.663682,8.08928,6.767614,8.131274,8.470411,9.312739,12.32965,10.45017,9.517055,10.01393,9.607059,9.917811,11.08812,9.225556,11.72262,12.21321,8.761821,9.054188,6.796433,10.55683,7.747446,8.606195,6.900748,7.314955,6.880662,9.845509,8.06373,7.80031,7.79542,7.081829,3.380232,7.051103,7.646775,9.639196,7.991919,6.065318,8.746077,9.294503,8.348803,5.471892,6.006722,6.340454,8.298056,7.929905,7.3386,7.118199,4.70257,8.885864,5.36908,11.19876,8.994127,10.0298,7.980985,8.23597,8.609418,9.271801,7.088603,7.591109,8.573061,9.066374,8.817266,6.762813,7.532205,7.615705,8.163759,8.349178,6.628919,7.351502,8.849903,8.519449,7.781533,9.41023,8.422771,9.349403,10.83785,6.372019,6.800566,6.971219,7.900843,9.948915,12.59508,6.958118,10.76865,8.891478,8.582276,9.524277,5.883138,7.172741,10.65941,6.523366,8.247083,9.293051,10.45866,control
GSM3507259,4.897824,6.0568,7.020564,6.948759,8.280551,7.982381,7.588676,7.773831,7.984854,5.658639,7.494854,7.373473,8.405273,11.70489,9.882387,8.432202,8.472503,8.109667,8.876934,9.956297,7.843542,9.484238,10.45075,7.534184,8.127144,6.050702,9.326465,6.666515,7.033852,5.867233,5.988644,5.075408,8.639474,6.272768,6.203983,6.642948,5.812236,3.514781,5.875361,7.352157,7.820997,7.472429,4.426464,8.12347,7.053057,7.964422,5.253911,5.667365,6.070663,7.852116,7.261406,7.07697,6.62314,3.529523,7.889194,5.045656,10.70385,7.738146,9.649813,7.468099,7.669844,7.665415,8.701668,6.557907,7.321616,7.765719,8.036634,7.883949,5.853503,6.744739,7.206756,8.088636,7.874567,5.409322,6.753963,7.307669,7.865747,7.38857,8.867756,7.491211,8.172769,9.452332,6.39149,6.575597,6.086344,6.465484,9.154119,10.68459,7.08076,9.901915,7.921066,8.181499,8.595431,4.464441,5.551943,9.840258,5.938078,7.16149,8.539965,9.146465,control
GSM3507260,4.895889,6.279228,7.466117,7.508973,8.568368,8.109232,7.686112,8.504264,7.941992,6.015155,7.247068,7.607333,8.52911,11.99491,10.31135,8.442868,8.886672,8.655319,9.507126,10.09011,8.375591,9.941377,11.92038,7.721314,7.654365,6.525935,10.32056,7.069188,7.764175,6.269956,7.064685,5.434252,8.94963,7.271967,7.006964,6.621088,6.605182,3.593908,7.391008,7.551306,8.470016,8.890558,4.800123,8.01968,8.724241,8.343291,5.752664,6.041836,6.603949,7.765352,7.552905,7.333079,6.962808,4.833447,8.045327,5.42164,11.24267,8.810163,9.800233,7.679732,7.765425,7.913143,9.732197,6.634917,7.868207,8.114818,8.193151,8.106915,5.978321,6.101103,7.278663,8.565258,7.309292,6.656299,7.169652,8.239169,7.935047,7.51621,9.602233,7.704791,8.802122,9.417168,6.318226,6.880433,6.64848,7.104636,9.631441,12.29883,7.335325,10.27682,9.401049,7.68942,9.749043,5.010941,6.635451,10.25103,5.668166,7.391611,8.483151,9.322704,control
GSM3507261,5.569018,6.475294,7.556223,7.917604,9.504213,8.955828,8.420244,8.962981,9.026529,7.086531,8.131701,8.304083,9.087257,12.35023,10.57748,9.451278,9.84705,9.421551,9.787802,10.93277,9.017334,11.05964,12.46909,8.538054,8.64154,6.550284,10.47495,7.56936,8.618523,6.893177,7.344224,6.620463,9.431467,7.941459,7.756815,7.725648,6.952483,3.902487,7.677582,7.699422,9.427786,8.41584,5.774735,8.801031,8.705463,8.442979,5.835931,6.30051,6.431204,8.595831,8.291468,7.521316,7.088266,5.082893,8.789103,5.672449,12.09134,9.303102,10.64669,8.476827,8.302055,8.983807,10.05167,6.962048,8.020008,8.536932,8.92512,8.752216,7.095916,7.875426,7.954603,9.166443,8.302587,7.050659,7.305339,8.838179,8.660442,7.512514,10.06782,8.572063,9.412838,10.89136,6.555174,7.135746,6.812252,8.247235,9.998873,12.90377,7.448278,10.86006,9.566452,8.494108,9.951257,5.882798,7.230755,10.66755,6.543681,8.332995,9.652964,10.25031,SONFH
GSM3507262,5.561942,6.653052,7.412539,8.133667,10.03024,9.306771,8.51468,8.79426,9.064088,7.532184,8.415946,8.758749,9.011791,12.49188,10.53205,9.151477,10.38022,9.254169,9.833592,10.92809,9.422253,11.56829,12.12662,8.979628,8.756291,6.85387,10.68532,7.998385,8.522913,6.573769,7.0969,7.062054,10.04318,8.019816,8.146245,7.21675,7.005635,3.704961,6.995367,7.603276,8.861892,8.3467,6.044458,8.465342,8.696192,8.544291,6.243028,6.206634,6.82148,8.794804,8.706703,8.023917,7.752206,5.387644,9.578898,5.459992,11.97322,8.84919,10.71903,8.398594,8.890564,8.835153,9.280058,7.230401,7.977656,8.791199,8.948858,9.273097,7.390216,8.141576,7.897951,8.382027,8.819124,6.862213,7.562857,9.348321,8.827905,8.007966,9.746727,8.464889,9.326234,10.62468,6.264115,7.297101,6.722503,8.104314,10.12913,12.44543,7.386116,11.05293,8.585646,9.226085,9.160149,5.601848,6.716904,10.95891,6.530493,7.962337,9.498875,10.59387,SONFH
GSM3507263,5.194899,6.77921,7.251908,8.090588,9.238935,8.886518,8.837702,9.027124,9.134143,6.923804,7.887422,8.288311,8.750904,12.25041,10.58484,9.092871,9.746889,8.987848,9.478436,10.47815,8.862157,10.38481,12.32973,8.252172,8.449435,6.42084,10.55591,7.418336,8.30587,6.679171,7.17246,6.778713,9.391264,7.697628,7.421812,7.285467,6.598814,4.27559,7.82484,7.464054,8.996042,8.716857,6.076948,8.960857,8.664148,8.899869,6.022537,6.407702,6.905416,8.577825,8.267699,7.561559,7.374946,5.311254,8.817678,5.89315,11.89125,9.193531,10.56544,8.367002,8.32686,9.136682,9.800825,7.131297,8.083077,8.548996,8.647716,8.834647,7.012744,7.403821,8.202097,8.814245,7.938037,7.220903,7.539627,8.784399,8.66254,8.112632,9.728348,8.296087,8.999265,10.22599,6.335129,6.86463,6.997208,7.749671,9.785593,12.68888,7.754837,10.90723,9.080905,8.56298,9.518576,5.258463,6.551753,10.81859,6.572036,7.823575,8.946878,10.08581,SONFH
GSM3507264,5.253983,6.546315,7.36513,8.031542,9.047409,8.692833,7.777618,8.695896,8.41907,6.358312,7.657996,8.211216,9.021479,12.10178,10.37086,8.926929,9.347872,9.270289,9.575902,10.55935,8.613771,10.86325,11.85192,8.178242,8.801979,6.319196,10.234,7.447629,8.12399,6.633478,7.634707,6.799782,9.17697,7.772004,7.522657,6.925934,6.554698,3.412283,7.362715,7.351779,8.760989,8.163104,5.537056,8.230415,8.486323,8.222145,6.177858,6.107897,6.539139,8.469214,7.912421,7.455694,7.0609,4.959322,8.637918,5.562937,11.17258,9.122987,10.02835,8.093919,7.959634,8.255722,9.78328,6.816704,7.902707,8.211912,8.858917,8.522084,6.40164,7.164549,7.477352,8.27351,7.929945,6.652897,7.25309,8.662722,8.216949,7.601047,9.46194,7.999028,9.02575,10.44319,6.289621,7.36167,6.976337,7.511837,9.619343,12.23441,7.529627,10.40768,9.34678,8.279549,9.605899,5.530942,7.166389,10.32491,6.26806,7.977488,9.184458,9.724169,SONFH
GSM3507265,5.482529,6.672,7.907769,8.517068,10.16901,9.160686,8.216352,8.891301,9.010164,7.420089,8.355704,9.040755,9.704119,12.45297,10.74183,9.811055,10.34637,10.13642,10.15933,11.25397,9.685969,12.12027,12.36611,8.994309,9.222364,6.958494,10.94472,7.95594,8.773876,6.916117,7.238807,6.854213,9.926079,8.157918,7.898561,7.614928,7.381942,4.246058,7.509983,7.9307,9.340784,8.277193,6.062044,8.498176,9.186067,8.163361,6.524467,6.375511,6.849571,8.603189,8.427061,7.763008,7.466766,5.169278,9.45451,5.84761,12.25517,9.915871,10.6122,8.428785,8.649281,9.037913,10.26141,7.346329,8.343938,9.088196,9.869443,9.19284,7.174396,8.155538,7.902319,8.595964,8.929657,6.958494,7.794587,9.653539,9.026911,7.907682,10.28907,8.797681,9.970849,11.24285,6.83405,7.44952,7.067856,8.409055,10.37377,12.72621,7.555964,10.74746,9.8127,8.920455,10.16809,6.363242,7.436674,10.75401,6.636551,8.541172,10.38987,10.74947,SONFH
GSM3507266,5.389126,6.729319,7.700212,8.350779,9.845533,8.989666,8.587478,8.763855,8.955188,7.29734,8.126904,8.91478,9.461976,12.25345,10.58869,9.637917,10.09918,9.743706,9.856153,11.10009,9.621571,11.69484,12.07438,8.598917,9.039023,6.798654,10.49865,7.914205,8.905598,6.948826,7.456902,6.990286,9.603988,7.977089,7.717732,7.500895,7.143326,4.239562,7.119015,7.676153,9.182623,8.232682,6.041864,8.665672,9.016481,8.168786,6.569837,6.238885,7.124703,8.813854,8.613707,7.956975,7.27789,6.063283,9.261312,5.825232,11.89213,9.517341,10.50631,8.40116,8.662809,8.915642,9.948062,7.378479,8.345618,8.939671,9.33672,9.057031,7.199026,8.011526,7.938726,8.419437,8.593743,6.757317,7.704654,9.578458,8.759901,8.076427,9.97691,8.421097,9.686956,11.01478,6.925741,7.321848,6.925176,8.245783,10.05592,12.51019,7.322107,11.0148,9.494187,8.995655,9.909075,5.996149,7.494383,10.86212,6.461894,8.375882,9.83886,10.63589,SONFH
GSM3507267,5.022483,6.331224,7.208814,7.102001,8.526999,8.389683,7.393727,8.27326,7.635865,6.186866,7.563076,7.567244,8.2783,11.53022,9.554891,8.302452,8.837417,8.532001,9.043488,9.98238,7.807199,9.992044,11.22507,7.624193,7.985312,6.207513,9.606178,6.900532,7.153457,5.819394,6.6358,5.218271,8.59355,6.967931,6.708574,6.579525,6.011696,3.73535,6.559012,7.217064,7.821016,7.624599,4.290393,7.302136,7.620372,7.646291,5.793662,6.050035,6.607109,7.885901,7.504864,7.167327,6.89924,5.570821,8.129995,5.249646,10.63819,8.254413,9.489255,7.42748,7.692657,7.730062,9.052446,6.750305,7.7414,8.111327,8.670221,8.29534,5.832064,6.990666,7.154222,8.228126,7.964135,5.468272,6.467523,7.940557,7.81989,7.222876,8.863235,7.55877,8.189924,9.478524,6.346622,7.212497,5.993816,6.73983,9.037552,11.63908,6.766346,9.782438,8.435816,8.280076,8.654278,4.741158,6.385437,9.567756,5.947815,7.241171,9.165586,9.23209,SONFH
GSM3507268,5.531263,6.610452,7.674123,8.090422,9.405066,8.827071,8.024585,8.534992,8.624446,6.755375,8.000959,8.296893,9.19258,12.27141,10.26463,9.195076,9.489787,9.421899,9.702961,10.8067,8.936414,11.27009,11.91397,8.364596,8.836553,6.434126,10.1802,7.552642,8.427272,6.687636,7.334397,6.104755,9.47882,7.473626,7.195885,7.314301,6.70188,3.72693,7.011176,7.424124,8.849671,8.227155,5.426005,8.422343,8.808193,8.32516,6.273977,6.267112,6.844953,8.026353,7.785317,7.710398,7.053736,5.334519,8.681231,5.505405,11.32178,9.083081,10.22723,8.175119,8.181448,8.395294,9.950334,7.095832,8.152519,8.432731,9.27597,8.705097,6.344539,7.233706,7.636972,8.402248,8.148199,6.604118,7.39392,8.610815,8.49329,7.873192,9.627969,8.184779,9.284812,10.50642,6.516883,7.450483,7.164824,7.433911,9.786457,12.40221,7.383824,10.71709,9.631804,8.619897,9.959453,5.708161,7.225859,10.62998,6.279749,8.18492,9.435427,10.04063,SONFH
GSM3507269,5.188995,6.477687,7.35941,8.048817,9.471576,8.866912,8.13363,8.3277,8.317605,6.975216,7.940804,8.43601,9.06608,12.11859,10.26757,9.262444,9.544731,9.546257,9.823982,10.8102,8.879644,11.34087,11.59877,8.328396,8.832822,6.765553,10.30118,7.614643,8.278275,6.553288,6.782102,5.624728,9.293869,7.69928,7.350834,7.07487,6.826703,3.981698,7.072841,7.465385,8.950004,7.896567,3.953864,8.218666,8.762448,7.993506,6.090568,6.304621,6.645083,8.109932,7.672725,7.42944,7.014392,4.985482,8.739084,5.32397,11.33732,9.013134,9.903418,8.187204,8.237507,8.76912,10.01,7.039453,7.918552,8.483544,9.24551,8.793097,6.090515,7.552092,7.867813,8.054071,8.393517,6.602135,7.601925,8.6483,8.494502,7.523947,9.818324,8.579103,9.187148,10.46371,6.761425,7.329293,6.753979,7.599325,9.987503,12.12916,6.858405,10.33078,9.358582,8.482927,9.866725,5.853354,6.808908,10.20372,6.261376,8.126493,9.637558,9.824513,SONFH
GSM3507270,5.445614,6.819967,7.676656,8.070782,9.243071,8.610632,8.125646,8.796455,8.689962,6.949744,8.012419,8.334193,9.132598,12.36528,10.41439,9.373006,9.591749,9.13619,9.616132,10.79522,9.009613,10.90385,11.76135,8.636861,8.808866,6.618675,10.56332,7.552011,8.295616,6.894883,7.199084,6.694572,9.61315,7.521896,7.24519,7.204043,6.621606,3.826928,6.965727,7.648304,8.79612,8.576939,5.60732,8.749048,8.627182,8.48628,6.369795,6.508508,6.748349,8.639683,8.436378,7.700534,7.455607,5.648442,9.044882,5.606244,11.49701,9.218255,10.08118,8.09941,8.535343,8.658565,9.814955,7.420892,8.270895,8.77367,8.931075,8.609992,6.960552,7.445159,7.793792,8.651533,8.2939,6.835793,7.256632,9.139013,8.566555,7.951993,9.774202,8.176414,9.333979,10.35483,6.402453,7.298349,6.889283,7.809302,9.954191,12.15152,7.38972,10.6452,9.237632,8.561405,9.568092,5.673182,7.119667,10.54264,6.353209,8.14414,9.477789,10.11589,SONFH
GSM3507271,5.983513,6.725027,7.652927,9.177341,10.41124,8.715258,8.547682,9.520963,9.77337,7.984115,7.931768,9.337109,9.96314,12.47754,11.1339,10.00059,10.67579,9.648663,9.828512,11.48692,9.973333,12.08168,12.5622,9.100944,8.807194,6.974844,10.83698,8.002323,9.963512,7.78987,7.871354,7.137948,10.21682,8.12487,7.881653,7.28011,7.248816,3.95464,7.963656,8.142373,9.972941,8.43294,6.311028,9.436268,9.633668,8.796007,6.70319,6.214789,7.523456,9.09585,8.701008,7.911006,7.384721,5.229478,9.798498,6.231763,12.26147,10.00386,10.86653,8.95948,8.990444,9.645513,10.52237,7.409295,8.411062,9.246973,9.738088,9.022724,7.409074,8.432955,8.37532,8.765951,9.1257,7.688251,7.711811,10.21622,9.251526,7.877126,10.93981,9.607207,10.11764,12.03253,6.512733,7.806758,7.730266,8.948076,10.45889,12.95196,7.558764,11.1048,9.967089,9.010737,10.40159,7.286195,8.037514,11.01078,6.241172,8.748856,10.70372,11.25518,SONFH
GSM3507272,5.349678,6.746096,7.665523,8.210202,9.393912,8.574718,8.401632,8.816862,8.886053,7.380358,8.062868,8.337949,9.198202,12.36007,10.4673,9.317199,9.673298,9.16233,9.719643,10.95533,9.077186,11.23018,12.05979,8.463109,8.738858,6.775051,10.35977,7.592099,8.396977,6.789491,7.182603,5.469196,9.552237,7.8055,7.54183,7.391403,6.56331,3.603396,7.083915,7.459229,8.790495,8.514721,4.877841,8.518436,8.591144,8.520782,6.316238,6.256822,6.84312,8.675882,8.364292,7.73789,7.297073,5.780591,9.065336,5.621753,11.38973,9.065664,10.31403,8.159807,8.433749,8.682961,9.831894,7.21427,8.165635,8.421309,9.080366,8.624518,6.796041,7.596931,7.877635,8.832167,8.355122,6.965829,7.491582,8.694408,8.635065,7.974792,9.630974,8.319874,9.390053,10.58535,6.683619,7.061027,6.935983,7.817053,9.873676,12.44944,7.308938,10.63792,9.40932,8.747005,9.877046,5.367541,6.683567,10.52281,6.485318,8.113708,9.472662,10.24109,SONFH
GSM3507273,5.342678,6.577239,7.748703,8.297024,9.747814,8.626931,8.00826,8.708322,8.370158,6.886929,8.157257,8.417062,9.40353,12.46525,10.74524,9.300138,9.738084,9.483612,10.16146,10.85387,9.430227,11.58446,12.25789,8.734063,8.84029,6.602723,10.848,7.899428,8.590585,6.813032,7.196969,6.506674,9.728782,7.838699,7.62491,7.427017,7.064736,3.652843,7.800115,7.793771,9.087517,8.699019,5.421121,8.209673,9.345221,8.265501,6.161215,6.085477,6.770021,8.265015,7.929968,7.587185,7.398481,4.999806,8.920195,5.65607,11.58323,9.526879,10.10609,8.103595,8.250229,8.506289,10.02495,7.24429,8.150201,8.568593,9.590122,8.589519,6.58768,7.528411,7.375394,8.716476,8.414663,6.885978,7.666398,8.965413,8.510653,7.632328,9.643013,8.122936,9.576807,10.92926,6.617366,7.268357,6.719718,8.35568,10.11937,12.73201,7.72038,10.68095,9.751759,8.606623,10.03973,5.917801,7.568783,10.58815,6.226415,8.26873,9.698917,10.43366,SONFH
GSM3507274,5.205926,6.600674,7.878326,8.690752,9.808942,9.473396,8.400633,8.788437,9.111305,7.259549,8.195649,8.681448,9.825731,12.48357,10.82464,9.539416,9.92951,9.799755,9.965273,11.36319,9.707759,11.86513,12.44691,8.272853,9.32505,6.650818,10.84919,7.829814,9.064627,7.110575,7.533695,6.988232,9.394452,8.172215,7.943951,7.10856,7.222095,3.855225,7.658561,7.830934,9.250466,8.477624,6.122182,8.754027,9.506144,8.409504,6.44034,6.298367,6.994996,8.726881,8.253801,7.850987,7.62751,5.087942,9.325604,5.896145,11.94098,9.651821,10.66278,8.747252,8.412231,9.272696,10.60184,7.152188,8.418148,8.900109,9.463259,9.424973,6.928816,8.164824,7.718405,8.791023,8.747758,6.975935,7.650955,9.241012,8.775148,7.927767,10.56673,8.930871,9.897574,11.21255,6.707614,7.372035,7.472019,8.029085,10.50212,12.87617,7.389731,11.04782,10.28994,8.408052,10.60933,6.82394,7.84127,10.91349,6.53469,8.32082,9.899155,10.6254,SONFH
GSM3507275,5.18425,6.477761,7.358551,7.835961,9.271743,8.594709,7.980246,8.711563,8.653305,6.701519,8.226947,8.071869,8.89609,12.4879,10.37191,9.300787,9.37582,8.911001,9.767118,10.71301,8.724562,10.56983,12.27105,8.815658,8.56304,6.522716,10.39804,7.393299,8.177227,6.8293,6.784886,6.155783,9.880648,7.50568,7.239649,7.24788,6.560538,3.742903,7.741358,7.475085,8.971203,8.76209,5.000542,8.426346,8.798413,8.669691,6.155024,6.40387,6.786099,8.299239,7.940496,7.720608,7.407506,4.901799,8.790459,5.525873,11.56297,9.129786,10.26096,7.967854,8.103525,8.277843,9.646099,6.835799,7.967136,8.384138,8.642033,8.535384,6.374058,7.25208,7.70146,8.721536,7.99842,6.764554,7.609487,8.195494,8.312973,7.870685,9.600368,8.144947,9.337967,9.950172,6.425705,7.184148,7.16092,7.578238,9.753645,12.63239,7.429228,10.62435,9.287396,8.50321,9.593819,4.95303,7.205742,10.49902,6.333643,8.039258,9.022461,10.00611,SONFH
GSM3507276,5.418392,6.598694,7.71712,7.837851,9.435194,8.834423,7.866203,8.5555,8.461432,6.830878,7.800686,7.877707,9.324269,12.20384,10.21559,9.321361,9.422518,9.402842,9.679594,10.71791,8.704512,11.27082,12.05188,8.267982,8.450729,6.620412,10.16106,7.353351,8.391903,6.849974,7.044744,5.934331,9.320958,7.704472,7.306304,7.299193,6.458801,3.931239,6.925525,7.429124,8.66863,8.228348,5.208914,8.386166,8.78185,8.237441,5.958004,6.25694,6.726295,8.336605,7.834649,7.61912,7.14397,5.304264,8.669685,5.543359,11.51469,9.111114,10.15352,8.229801,8.134038,8.510858,10.20624,7.035659,8.098037,8.53235,8.930415,8.638156,6.295605,7.37997,7.643488,8.57724,8.358389,6.735585,7.364091,8.847261,8.562274,7.696628,9.909045,8.229388,9.365327,10.45323,6.63334,7.075771,6.868549,7.751931,9.700758,12.47744,7.088436,10.62135,9.816971,8.487464,10.12711,6.139383,6.903296,10.64771,6.454313,8.124496,9.64461,9.97171,SONFH
GSM3507277,5.649556,7.19782,7.825678,8.400286,9.916922,9.135998,8.104545,8.946616,8.44952,7.328245,8.182566,9.181843,9.634972,12.25863,10.6425,9.716339,10.07975,10.11031,10.1274,11.4049,9.089069,12.2594,12.27429,8.739252,9.439338,6.842283,11.16658,7.68082,8.890158,6.711081,6.810625,7.460817,9.788803,8.509321,8.274354,6.979253,7.462459,4.168784,7.521298,7.672359,9.203682,8.512983,6.627792,8.879984,9.481098,8.202422,6.571863,6.33178,7.007069,9.352964,8.664245,7.749166,7.409866,4.643761,9.446583,5.924827,11.59797,9.899139,10.04648,8.451462,8.890282,9.095143,10.19432,7.300068,8.473783,8.900438,9.545881,9.079233,7.426952,8.354503,7.840732,8.286682,9.048475,7.312523,7.961472,9.678309,8.645138,7.764935,10.74896,9.286336,9.849554,11.31275,6.474392,7.472487,7.04548,8.148071,10.63157,12.75226,7.4358,10.77516,9.65675,8.444268,10.1736,6.52282,8.034753,10.62199,6.757785,8.510287,9.954876,10.38755,SONFH
GSM3507278,5.456977,6.484151,7.553797,7.956927,9.536626,9.43455,8.450159,8.499239,8.809038,6.992783,8.07264,8.504248,9.481197,12.28957,10.32233,9.680351,9.700502,9.296666,9.553349,10.68279,8.777075,11.3347,11.84414,8.474018,8.675641,6.453114,10.29562,7.640737,8.579657,7.004614,7.570692,6.46841,9.573672,7.546793,7.391185,7.62768,6.797853,4.170304,6.656845,7.565506,8.726126,8.262877,5.508549,9.006811,8.777894,8.62739,6.298502,6.452636,6.894216,8.811154,8.369686,7.916745,7.478267,5.4917,9.006711,5.731889,11.32425,9.248415,10.27306,8.295425,8.394258,8.612708,9.949768,6.99749,8.480746,8.871338,8.945181,9.39563,7.054093,7.488577,7.721656,8.462996,8.391811,6.974152,7.647422,9.075571,8.60008,8.047737,9.77152,8.018158,9.771798,10.61048,6.604878,7.266973,7.137883,8.07526,9.669418,12.42817,7.400198,10.73658,9.70985,8.614393,10.15382,5.347158,7.170385,10.70445,6.584063,8.44327,9.638903,10.28887,SONFH
GSM3507279,5.263831,6.426069,7.843687,8.27137,9.888657,8.916622,7.957866,8.611724,8.925805,7.043097,8.309051,8.876773,9.74091,12.3872,10.84183,9.641094,9.793252,9.797214,10.15063,11.07397,9.522817,11.63837,12.12954,8.600807,9.119233,6.815246,10.77883,7.6953,8.92009,6.814357,7.509339,6.710893,9.700693,8.003208,7.751583,7.317244,7.194699,3.854739,6.753538,7.811557,9.360497,8.591598,5.605831,8.567482,9.537258,8.298575,6.316838,6.228799,6.85854,8.682186,8.275211,7.817431,7.146645,5.05168,9.205881,5.637517,11.61741,9.671252,10.43464,8.584219,8.363058,9.045863,10.53743,7.343782,8.314068,8.777531,9.397043,8.939492,6.850867,7.788872,7.773837,8.546771,8.588696,6.867919,7.733075,9.136332,8.656954,7.882996,10.06825,8.445591,9.820253,11.10463,6.640534,7.242448,7.173704,8.405735,10.25242,12.54912,7.52409,11.0117,9.96963,8.462848,10.46872,6.459388,7.593726,10.91768,6.538051,8.538777,10.1041,10.43945,SONFH
GSM3507280,5.429572,6.705653,8.064252,8.233274,9.50627,8.82529,8.428326,8.873056,8.752386,6.994845,8.117762,8.15533,9.481478,12.33873,10.59015,9.390923,9.615915,9.472163,9.899269,10.92717,9.018803,11.46872,12.1456,7.995234,8.778436,6.575224,10.7096,7.609357,8.745453,6.763156,7.568994,6.156839,9.183477,8.093868,7.827837,7.155518,6.871707,3.738033,7.428722,7.762372,8.863095,8.670717,4.939278,8.679276,9.183113,8.233483,6.300928,6.41881,6.832195,8.618103,8.132782,7.863497,7.430243,5.451076,9.092013,5.713128,12.0732,9.623849,10.38895,8.556342,8.449846,8.873915,10.50962,7.368961,8.297702,8.684879,9.375684,8.762949,6.664585,7.624196,7.786135,8.689465,8.41551,7.027574,7.483552,9.196138,8.67225,7.822282,10.00866,8.580481,9.660478,10.95996,6.357352,7.407433,7.021377,7.894695,10.10273,12.61062,7.399197,10.91748,9.982308,8.299607,10.44197,5.926153,7.34217,10.7952,6.420487,8.213793,9.743267,10.33208,SONFH
GSM3507281,5.162147,6.560495,7.446007,8.251965,9.692973,8.639132,8.032614,8.538173,8.45359,7.190454,8.354952,8.230528,9.028842,12.53559,10.37327,8.684966,9.901877,9.159695,9.966353,10.93376,9.169036,11.46749,12.37866,8.947142,9.306952,6.446053,10.61329,7.705609,7.344755,6.364894,6.313787,6.523037,10.0039,7.843264,7.593918,7.216095,6.904949,3.845256,7.352738,7.592645,8.613827,8.445358,5.479178,7.518093,8.023937,8.210426,6.231297,6.102063,6.676723,8.275493,7.970509,7.782607,7.719761,5.053773,8.932184,5.627744,11.04295,8.819674,10.13721,7.718565,8.190399,8.088218,8.944989,7.288338,7.864091,8.645818,9.040344,8.586523,6.315963,7.320574,7.366954,8.314568,8.278658,6.359378,7.565364,8.214417,8.429337,7.760601,9.693539,8.5968,8.964179,10.40421,6.784077,7.133764,6.336461,7.628375,9.706522,12.95013,7.582926,10.59651,8.70795,8.944379,8.857848,5.203296,6.702561,10.595,6.552276,7.355778,8.838588,10.48013,SONFH
GSM3507282,5.240535,6.522195,7.322193,7.773196,8.911393,8.650764,8.287918,8.727996,8.480338,6.901563,7.842055,7.773674,8.898472,12.33027,10.24946,8.817302,9.304592,8.369621,9.586128,10.56924,8.652033,10.41398,11.98598,8.546337,8.618576,6.569019,10.23257,7.368296,8.246595,6.46609,6.907945,6.486468,9.525266,6.930767,6.641618,7.092078,6.542616,3.679415,6.996388,7.406963,8.888248,8.364818,5.502457,8.502098,8.654223,8.354334,6.154831,6.475053,6.753805,8.296403,7.834034,7.481464,7.309715,5.138978,8.869864,5.545763,11.11294,8.363164,10.08353,7.893704,8.188363,8.548834,9.133183,6.742209,7.870487,8.204582,8.554739,8.632273,6.295159,6.950214,7.580451,8.705452,7.721129,6.707776,7.417751,8.042726,8.312381,7.838069,9.364655,8.134942,8.968364,10.0039,6.408203,7.12231,6.892975,7.426152,9.630611,12.57806,7.707534,10.62534,8.723925,8.383872,8.99273,5.283329,6.790727,10.52186,6.192405,7.584194,8.452702,9.937072,SONFH
GSM3507283,5.583212,6.623904,7.6353,8.557554,9.633291,9.364241,8.690808,8.797462,8.712757,7.049165,8.084345,8.980062,9.955938,12.3522,10.81507,9.495227,9.916902,9.762114,10.13874,11.17603,9.116758,12.37974,12.34107,8.327939,9.163424,7.132759,10.91459,7.757314,9.622367,6.942743,7.409144,6.72514,9.454918,7.989103,7.698224,7.485596,7.17747,4.08909,6.991182,7.837867,9.614285,8.589314,5.493963,9.059743,9.836945,8.142304,6.451752,6.297312,6.870694,8.877979,8.059182,7.59457,7.436077,4.754006,9.292198,5.73455,11.3123,9.421362,10.22806,8.471004,8.705702,8.908013,10.01914,6.883998,8.137745,8.727782,9.514063,9.400056,6.904746,7.789629,7.912592,8.319489,8.501736,7.570795,7.871437,9.376881,8.504401,7.528252,10.01303,8.899682,9.815012,11.70054,6.326788,7.268666,7.416183,7.982773,10.63434,12.70372,7.105536,11.04768,9.733406,8.317272,10.28159,7.066746,8.08283,10.91269,6.391978,8.377189,9.705635,10.64877,SONFH
GSM3507284,5.413785,6.798763,7.564492,8.056359,9.326451,8.35425,8.254176,8.454239,8.288178,7.086949,7.924348,8.255359,8.940854,12.238,10.43421,8.949031,9.70138,8.892376,9.561217,10.57249,8.891117,11.04833,11.87988,8.565388,8.651213,6.713708,10.37909,7.450079,7.941757,6.425447,7.209556,6.179018,9.611669,7.408747,7.189033,7.070732,6.816357,3.651504,7.14706,7.418206,8.564818,8.291682,4.964761,8.407778,8.445816,8.115166,6.276237,6.304243,6.728069,8.680022,8.11051,7.669742,7.377685,5.723215,9.006639,5.829458,11.37703,8.784569,9.851633,8.01678,8.394415,8.513162,9.488003,7.192991,7.932226,8.472554,9.186961,8.347075,6.729804,7.234765,7.81298,8.541736,8.257658,6.711846,7.384604,8.877132,8.65638,7.810302,9.436805,8.250975,8.980029,10.26385,6.863669,7.25309,6.783097,7.690115,9.788383,12.41166,7.622589,10.55759,9.075109,8.807965,9.297957,5.580379,6.922953,10.46479,6.335401,7.641501,9.412453,10.13216,SONFH
GSM3507285,5.427166,7.137445,7.57985,8.211101,9.579169,9.278931,8.217448,8.494604,7.887221,7.377625,8.041165,8.860728,10.05681,12.16634,10.7241,9.656127,10.15411,9.67248,10.06512,11.12526,9.090694,12.27552,12.17931,8.51528,9.3351,6.802451,10.7339,7.745116,8.997602,7.224165,7.106424,6.661548,9.467035,8.229149,7.993721,7.684753,7.268866,4.054944,6.744093,7.552165,9.400741,8.301841,6.016134,9.435869,9.72161,8.176972,6.410071,6.438293,6.933655,9.315376,8.542768,7.748899,7.320382,5.155771,9.371704,5.795809,11.82418,9.175887,9.905269,8.86033,8.83925,9.210478,10.31412,7.11447,8.534112,8.92489,9.192587,9.279139,7.233661,7.838997,7.974584,8.32929,8.711563,7.759005,7.739248,9.382559,8.690309,7.800015,10.43678,8.851265,10.11304,11.23808,6.711679,7.218955,7.555805,8.286321,10.40284,12.79991,7.321507,10.93219,9.698816,8.334892,10.48295,7.542799,7.307635,11.08667,6.175607,8.561227,9.792704,10.77738,SONFH
GSM3507286,5.102411,6.535506,7.573032,7.78792,9.040366,8.652693,8.177471,8.719881,8.535064,6.687174,7.77181,8.258197,8.849335,12.27776,10.31382,8.899456,9.347351,8.871006,9.685686,10.40254,8.876856,10.792,12.42439,8.456853,8.800823,6.64374,10.31455,7.239545,8.267498,6.447804,7.107072,6.119856,9.509782,7.736875,7.345138,7.039329,6.730548,3.723037,7.328255,7.56585,9.054995,8.7409,5.441021,8.633681,9.285328,8.215946,5.978419,6.284384,6.658885,8.451671,7.860987,7.341194,7.273638,4.902425,8.77487,5.645577,11.58981,9.043285,10.14148,7.94234,8.026598,8.727204,9.645659,6.587753,7.687003,8.515708,8.483303,8.602449,6.344082,6.892175,7.570397,8.771656,7.8836,7.066679,7.419675,8.609005,8.273319,7.514441,9.383265,8.429136,9.013267,10.33962,6.258254,7.210341,6.907648,7.661438,9.726011,12.86406,7.589917,10.57242,9.206824,8.154421,9.601899,5.910118,6.696576,10.38446,6.071377,7.734849,9.097624,9.89141,SONFH
GSM3507287,5.529147,6.994531,7.761423,8.426463,9.609114,9.348579,8.36292,9.114122,9.312114,6.966847,8.156863,8.430984,9.450123,12.50629,10.83018,9.455592,10.19761,9.805979,10.08966,10.95877,9.317966,11.51937,12.52345,8.792449,9.320438,6.811939,10.52221,7.671358,8.908441,6.808045,7.81542,6.978195,9.859205,8.108597,7.875685,7.955129,6.949929,4.141403,7.142303,7.740571,9.619591,8.781125,6.637828,9.511539,9.476511,8.842905,6.101607,6.566199,7.238559,8.995129,8.514009,7.923492,7.61597,5.28273,9.333704,6.077992,11.65375,9.708303,10.7242,8.462387,8.370594,9.000769,10.00195,6.973163,8.591357,9.086702,8.983332,9.348787,7.17561,7.690426,7.891796,9.037436,8.506187,7.607136,7.990594,8.989175,8.720091,7.930837,9.68696,8.652617,10.04376,10.99579,6.485346,7.370143,7.243998,8.854239,10.37502,12.96543,7.737218,11.0202,9.536649,8.532271,10.13918,6.02086,6.983235,10.96656,6.222519,8.322375,9.071824,10.81625,SONFH
GSM3507288,5.156419,6.545458,7.759274,8.179592,9.197777,8.849556,7.899477,8.977935,8.87967,6.756155,8.011117,8.226022,9.023656,12.37949,10.43211,8.897948,9.367404,9.133883,9.934024,10.80756,8.678846,10.78913,12.32425,8.539763,8.669024,6.549794,10.83853,7.67874,8.557629,6.547721,6.840271,5.916078,9.664383,7.809797,7.34669,7.032738,6.821391,3.729753,7.453866,7.625876,9.233941,8.701896,5.000266,8.33898,9.157856,8.303092,5.989863,6.218558,6.710831,8.400578,7.961565,7.799598,7.578487,5.000584,9.07456,5.614756,11.40643,9.290633,10.26358,8.204913,8.212116,8.784825,9.905056,7.096752,7.753673,8.243872,8.684196,8.881685,6.492468,7.341142,7.618748,8.942346,8.208727,7.12826,7.45807,8.526983,8.377618,7.806951,9.822951,8.214401,9.107324,10.38604,6.370163,7.329526,6.970516,7.679653,10.18209,12.70638,7.689074,10.62947,9.594049,8.293634,9.907562,5.951613,6.66715,10.60002,6.456754,7.78442,9.034701,10.13408,SONFH
GSM3507289,5.244143,6.931307,7.574425,8.063033,9.538393,8.963315,8.535567,8.580741,9.182872,7.204065,8.193145,8.55759,9.350282,12.43652,10.65052,9.40664,9.987228,9.059343,9.598526,10.88063,9.297843,11.03477,12.1863,8.566374,8.723377,6.77797,10.31678,7.710786,8.665352,6.711498,7.415446,6.569323,9.643498,7.540724,7.401481,7.557242,7.065205,3.830934,6.690718,7.531894,8.882744,8.652272,5.841191,9.227844,9.239,8.753424,6.295089,6.428999,7.024471,8.770615,8.460538,8.10137,7.584001,5.924103,9.074556,5.807238,11.44059,9.396337,10.52282,8.377976,8.561102,8.920794,9.733662,7.307551,8.281235,8.911264,9.057671,9.087919,7.060957,7.486176,7.85078,8.84165,8.325305,6.688765,7.463957,9.281377,8.871098,8.371742,9.710001,8.036119,9.717013,10.62522,7.32971,7.555858,7.326559,8.239216,10.01092,12.61555,7.723619,11.06553,9.34632,8.909033,9.689749,5.861239,6.93009,10.97272,6.496236,8.155473,9.546334,10.71,SONFH
GSM3507290,5.158492,6.436567,7.442562,7.298249,9.078086,8.605165,7.873832,8.319985,7.840757,6.594249,7.960117,8.231421,8.842853,11.97257,9.938331,8.809145,9.412979,8.851972,9.640738,10.28151,8.560122,10.81696,11.86851,8.263406,8.537782,6.757905,10.05093,7.076344,7.863816,6.157908,6.832289,6.046496,9.476106,7.639155,7.239738,6.915521,6.573192,3.49466,6.869144,7.429142,8.66214,8.419814,5.002827,7.652189,8.627813,7.849516,5.991033,5.87246,6.333293,7.771338,7.824537,7.426057,7.172797,4.783488,8.392097,5.302312,10.83526,8.59747,9.526501,8.088411,8.102999,8.101566,9.107805,7.082877,7.881225,8.266435,8.962521,8.59947,6.096969,6.904305,7.209005,8.242682,7.876486,6.395866,7.054946,8.360058,8.109725,7.457466,8.929978,7.844151,8.829152,9.85333,6.651105,7.254412,6.62796,7.359972,9.612728,12.26529,7.32035,10.21218,8.744044,8.367981,9.142598,5.361784,6.493948,10.16972,6.160205,7.515485,8.751883,9.701212,SONFH
