sample,11718185_a_at,11725976_a_at,11744351_a_at,11754863_s_at,11732135_a_at,11756746_s_at,11719038_a_at,11725813_at,11720493_s_at,11740162_a_at,11720554_a_at,11731424_x_at,11757808_s_at,11724484_a_at,11747623_a_at,11725440_a_at,11721513_a_at,11726122_at,11740206_x_at,11748747_a_at,11745742_s_at,11718260_at,11726276_at,11752510_x_at,11742024_a_at,11724248_s_at,11744129_at,11717322_a_at,11720097_at,11721796_at,11757635_a_at,11756827_a_at,11754644_x_at,11757383_a_at,11721346_a_at,11723287_at,11727593_a_at,11719307_a_at,11745421_a_at,11720989_a_at,11752737_a_at,11725827_s_at,11740553_a_at,11755411_a_at,11737423_a_at,11734727_a_at,11757379_a_at,11740096_a_at,11726632_at,11724807_at,11753909_x_at,11719025_a_at,11721719_at,11757904_s_at,11760963_x_at,11730431_a_at,11732821_a_at,11724979_a_at,11742418_a_at,11732189_at,11727304_at,11724326_a_at,11716903_a_at,11717544_a_at,11758090_s_at,11763266_at,11741091_a_at,11720380_a_at,11723400_a_at,11751164_a_at,11720739_s_at,11728840_at,11728972_a_at,11723401_x_at,11747785_s_at,11727644_a_at,11723893_s_at,11741435_s_at,11730005_a_at,11730788_a_at,11733691_a_at,11719680_x_at,11728703_a_at,11736509_x_at,11736888_x_at,11716375_s_at,11732181_x_at,11718196_x_at,11746195_x_at,11756077_a_at,11719844_at,11722259_s_at,11745691_a_at,11736017_s_at,11717618_s_at,11723156_a_at,11761116_a_at,11731426_s_at,11750199_a_at,11725056_a_at,class
GSM3507251,5.068588,5.53645,7.051099,7.169374,6.570759,7.046669,7.510606,6.684678,8.448059,7.551556,9.312645,8.27248,7.103759,7.658872,7.207993,7.284442,8.488585,9.239814,5.917058,8.189856,8.727583,6.547413,7.901358,11.16364,5.30268,7.632776,5.19408,6.737959,5.640323,6.85533,10.91685,5.112565,11.12729,7.430493,5.809798,11.06279,4.915402,5.980227,7.343896,6.886629,9.246944,5.903163,5.381547,6.053491,7.220813,7.439627,8.038507,4.791504,7.621214,8.097454,8.020668,8.038479,7.36481,7.487372,7.450402,7.910014,7.541437,7.584051,7.72206,6.674191,4.699669,8.89839,8.32734,6.537779,5.391935,6.744049,5.836695,8.894444,9.978194,7.471599,7.425634,4.367069,5.400742,9.96966,10.88178,4.509928,6.958774,9.703982,8.232609,9.357658,4.736568,7.91958,4.940232,6.083395,7.267892,5.312526,7.700546,9.127239,6.975746,7.597762,9.623886,6.125536,4.894166,9.331211,8.895977,7.712684,9.612423,8.883381,7.763124,4.863943,control
GSM3507252,4.87887,6.06991,7.503971,6.847307,6.653621,8.148092,7.855804,6.760154,8.417543,7.810754,8.770222,9.327426,6.506765,7.262102,6.916512,7.393279,8.342548,9.162188,5.37772,7.68324,8.709167,6.595506,7.333253,11.37396,5.668416,7.749764,5.45097,7.371053,6.098707,6.622673,11.02489,6.081429,10.23776,7.544011,6.275343,11.08405,4.828548,6.006717,6.253442,7.148983,8.472171,5.893764,5.813973,5.86121,7.130261,7.277559,8.080787,4.055808,7.036624,7.632637,7.383189,7.767545,7.947299,7.783518,7.445183,8.134713,7.147371,7.522883,7.846498,7.552304,5.083256,7.972333,8.017219,6.363181,5.617705,6.874433,6.065416,8.980911,9.47895,8.073334,7.732307,4.822172,6.481437,9.386147,10.4174,4.639289,6.739445,9.452919,8.458843,9.318221,5.635341,7.340862,4.323794,6.16714,7.675552,6.205419,8.277582,9.028412,6.846608,7.48076,10.38088,4.920863,5.291438,9.814264,9.415816,7.921813,9.303751,9.93073,7.754645,4.908247,control
GSM3507253,4.958467,6.300553,7.474967,7.186956,6.196196,8.319949,7.955504,6.780731,8.875138,7.955297,8.425167,9.612012,6.713599,7.384308,7.361345,7.86091,8.823877,9.27515,5.545305,8.270237,8.87709,6.348527,7.826407,11.01832,5.965414,7.830286,5.543346,7.315578,6.050283,6.553503,11.24386,5.427165,10.62803,7.716856,6.107625,11.41412,5.039991,5.356194,7.255363,6.510197,9.429158,5.94464,5.456543,5.720421,6.894631,7.274176,8.09972,4.552462,7.646685,7.876971,7.416202,7.672214,7.176977,7.763012,7.228837,8.236191,7.406898,7.743319,7.98245,7.542717,4.884161,8.322279,7.698497,6.294875,6.013176,6.759191,5.969116,9.482801,9.651707,8.712068,7.719867,5.065114,6.298449,9.748951,10.22502,4.371074,7.200005,9.878913,8.166051,9.465409,4.575043,7.453878,4.240188,6.964792,7.515681,5.942336,8.552776,9.455983,6.760837,7.251198,9.36919,5.199804,5.354373,10.17754,9.883791,8.237024,9.12927,10.18536,7.678348,5.131556,control
GSM3507254,4.489721,5.67815,7.606704,6.630012,6.331765,8.400627,8.030119,6.236564,8.585331,8.279014,8.298928,9.442129,6.744932,7.454005,7.177618,7.626135,8.552614,8.960051,6.03427,8.079557,8.704805,6.540267,8.062604,10.88236,5.806687,7.371809,5.39234,7.049264,6.205809,6.714932,10.97191,5.691294,10.58358,7.888199,6.403307,11.10432,4.964952,5.480963,6.75311,5.850921,9.146502,6.377123,5.45153,5.970418,6.846465,6.930383,7.856642,4.347202,6.992864,7.535816,7.538619,7.461439,6.790924,7.275455,7.318791,7.415064,7.014793,7.308852,7.487691,7.66987,5.077928,8.062462,7.254376,6.026068,6.090788,6.981222,5.668448,9.056139,9.604466,7.824624,7.636132,4.628168,6.067519,9.440219,10.36167,4.416043,6.782181,9.583901,8.361205,8.886039,5.385219,7.364433,4.352133,5.955921,7.7004,6.043015,8.087951,9.152808,6.877082,7.091646,9.204346,5.005853,5.346014,9.985329,9.550094,7.949885,8.891569,10.09885,7.524067,4.839336,control
GSM3507255,4.954717,6.27405,7.4134,7.066034,6.636726,8.076045,7.619634,6.397424,8.203747,7.619632,9.063218,9.070146,6.235463,7.317819,6.824111,6.91629,7.972628,8.781347,5.17628,7.53132,8.641754,6.130131,7.747832,10.96352,5.778828,7.471709,5.211795,7.37382,5.893425,6.567806,10.0876,6.376868,10.10387,7.7293,6.462969,10.3814,4.748376,6.388012,6.687786,6.789333,8.871593,6.343566,5.549139,5.684882,7.384308,7.679904,8.085351,4.808625,6.855478,7.362434,7.553653,7.836516,7.971908,7.553207,7.106962,7.765334,7.479712,7.41781,7.434625,7.15205,5.231127,8.015157,7.703197,6.424741,6.147882,7.044885,5.795471,8.656418,9.333277,7.726694,8.26687,4.16933,6.082865,9.224038,9.673764,4.350486,6.58451,9.437935,8.013467,9.006795,4.768865,7.358008,4.294201,5.432554,7.531674,5.956142,7.787099,8.745297,6.3383,7.356844,9.417557,5.271204,5.076989,9.431957,9.084644,7.628964,8.592972,9.467289,7.060233,4.655418,control
GSM3507256,5.026825,5.790744,6.987682,6.338869,6.482732,6.978367,7.099278,6.092358,7.620011,7.170622,8.943133,7.512584,7.069664,7.506351,6.519888,6.421734,8.179205,7.627843,5.978337,7.440919,8.259846,5.540995,7.411212,10.3711,5.34709,6.875813,4.752263,7.202349,5.350395,6.809218,8.940022,4.676554,10.15813,6.056591,5.379067,9.308613,5.396396,4.873573,7.191699,4.920958,7.268206,4.634803,5.612411,5.763569,6.894126,7.014515,7.736377,4.523784,7.5934,7.839975,7.310133,7.61295,7.056522,7.033675,7.149752,7.462925,7.190706,6.166864,8.142658,6.672715,4.85872,7.436585,7.633769,6.73873,5.722335,7.289321,5.94494,8.326177,9.503663,6.792196,7.891709,3.326162,5.030077,9.401601,10.34552,4.08027,6.807095,9.41305,8.174343,8.153031,4.090694,7.180519,4.348333,4.574182,6.431598,5.320132,6.300946,8.711887,6.78303,6.897482,9.2381,4.90747,4.797454,8.884085,8.379118,7.000249,8.49063,8.377395,7.332439,3.781407,control
GSM3507257,4.65799,5.902161,6.706962,6.413543,6.413609,7.727487,7.223094,6.209705,7.843433,7.292274,8.407127,7.753816,5.700577,7.113233,6.716922,6.22283,8.136348,7.813755,5.009574,7.23565,8.047878,5.75028,6.793174,10.11015,5.158195,6.722388,4.438565,6.962994,5.902458,6.295079,9.542763,5.997461,9.992194,7.06541,5.004348,9.468313,4.954838,4.569505,5.858296,5.458733,7.347232,4.59941,5.391332,5.503099,6.900512,7.134448,7.320251,4.348516,5.70362,6.664798,7.128453,7.390113,6.804101,7.129046,6.271384,6.959266,7.047966,6.211066,7.569873,6.058213,4.377498,7.227873,6.790141,5.797101,5.937318,6.524286,5.446461,7.50727,8.965521,6.237437,7.621282,2.549493,5.08669,8.924718,9.386486,4.525847,6.198426,8.647195,7.939831,7.959852,4.018555,7.382031,4.062046,5.177791,6.347664,5.52007,7.192511,8.578646,5.457891,7.160861,8.61956,4.351844,4.810925,8.787088,8.354427,6.957628,7.666099,8.154092,6.670705,4.125994,control
GSM3507258,5.000751,6.460577,8.298056,7.163487,7.088603,9.066374,8.817266,7.532205,9.497424,8.874969,9.56141,10.83785,7.900843,8.131274,8.247083,8.470411,9.312739,10.55076,7.258124,9.517055,10.01393,7.799308,9.138889,12.21321,6.670815,8.46812,6.332607,8.008123,6.796433,7.503616,11.73441,7.051103,11.57072,8.462827,7.692778,12.09787,5.731414,7.294032,8.345915,7.857111,10.79396,7.665387,5.471892,6.006722,7.929905,8.178449,8.885864,5.518908,7.878526,8.609418,7.591109,8.573061,8.163759,8.349178,8.168674,8.663682,7.823952,8.849903,8.519449,8.422771,5.171957,9.349403,8.08928,6.767614,6.372019,6.800566,6.971219,9.948915,10.76865,8.891478,8.582276,5.883138,7.172741,10.65941,11.34347,5.18167,7.827486,10.45017,9.622455,10.36812,6.76566,8.461632,4.384917,7.614832,8.878658,6.91366,9.607059,9.917811,7.970399,8.588045,10.28968,6.508064,6.611221,11.08812,10.67224,9.225556,10.23784,11.72262,8.435569,5.789722,control
GSM3507259,4.897824,6.0568,7.852116,7.020564,6.557907,8.036634,7.883949,6.744739,8.280551,7.982381,8.979105,9.452332,6.465484,7.494854,7.16149,7.373473,8.405273,9.102592,5.69582,8.432202,8.472503,6.453111,7.98325,10.45075,5.663949,7.352262,4.643898,7.208508,6.050702,7.174128,10.36311,5.875361,10.25569,7.705377,6.274484,10.88515,5.013128,6.340768,7.539793,6.668452,9.320797,6.388492,5.253911,5.667365,7.261406,7.488535,7.889194,4.515714,6.948759,7.665415,7.321616,7.765719,8.088636,7.874567,7.588676,7.773831,7.448598,7.307669,7.865747,7.491211,4.124367,8.172769,7.984854,5.658639,6.39149,6.575597,6.086344,9.154119,9.901915,7.921066,8.181499,4.464441,5.551943,9.840258,10.18969,4.089089,7.036836,9.882387,8.608798,8.985362,4.693172,7.694719,4.14172,6.05022,7.821218,6.053381,8.109667,8.876934,6.885385,7.261622,9.382315,5.242853,4.690608,9.956297,9.543989,7.843542,9.150157,9.484238,7.710115,4.354228,control
GSM3507260,4.895889,6.279228,7.765352,7.466117,6.634917,8.193151,8.106915,6.101103,8.568368,8.109232,9.00196,9.417168,7.104636,7.247068,7.391611,7.607333,8.52911,9.39645,6.008477,8.442868,8.886672,6.594287,9.131631,11.92038,6.000465,8.043954,5.055025,7.036711,6.525935,7.56323,12.05236,7.391008,10.47234,9.858089,7.853397,12.22787,5.437936,8.122931,8.511436,9.047192,10.48424,8.662828,5.752664,6.041836,7.552905,7.7106,8.045327,5.109358,7.508973,7.913143,7.868207,8.114818,8.565258,7.309292,7.686112,8.504264,7.738622,8.239169,7.935047,7.704791,5.868331,8.802122,7.941992,6.015155,6.318226,6.880433,6.64848,9.631441,10.27682,9.401049,7.68942,5.010941,6.635451,10.25103,10.80612,4.72745,6.646,10.31135,8.437853,10.02469,5.812073,8.82987,5.051591,6.168151,7.641778,6.224845,8.655319,9.507126,7.237081,7.493014,9.471564,6.869273,5.116808,10.09011,9.603649,8.375591,9.260187,9.941377,8.089293,4.938207,control
GSM3507261,5.569018,6.475294,8.595831,7.556223,6.962048,8.92512,8.752216,7.875426,9.504213,8.955828,9.490439,10.89136,8.247235,8.131701,8.332995,8.304083,9.087257,10.39842,6.947176,9.451278,9.84705,7.575126,9.141456,12.46909,6.389779,8.179172,5.989939,7.861676,6.550284,7.756528,11.70056,7.677582,10.98872,9.477053,8.09743,12.02293,5.628139,7.628809,8.421974,8.337307,10.22827,8.191251,5.835931,6.30051,8.291468,8.288281,8.789103,4.936151,7.917604,8.983807,8.020008,8.536932,9.166443,8.302587,8.420244,8.962981,7.874741,8.838179,8.660442,8.572063,5.765964,9.412838,9.026529,7.086531,6.555174,7.135746,6.812252,9.998873,10.86006,9.566452,8.494108,5.882798,7.230755,10.66755,11.44598,4.812699,8.08425,10.57748,9.224891,10.59026,6.307494,8.548193,5.205575,7.967693,8.770132,6.565187,9.421551,9.787802,8.171538,8.143029,10.82516,6.581053,6.180098,10.93277,10.49754,9.017334,10.39289,11.05964,8.711864,5.765625,SONFH
GSM3507262,5.561942,6.653052,8.794804,7.412539,7.230401,8.948858,9.273097,8.141576,10.03024,9.306771,10.11322,10.62468,8.104314,8.415946,7.962337,8.758749,9.011791,10.66755,6.956835,9.151477,10.38022,7.798088,8.923448,12.12662,6.748372,8.251242,6.541677,7.813556,6.85387,7.618532,11.65275,6.995367,11.53235,8.563728,7.107084,11.89466,5.507155,7.594585,7.799893,7.485991,9.753707,7.202592,6.243028,6.206634,8.706703,8.022626,9.578898,5.571305,8.133667,8.835153,7.977656,8.791199,8.382027,8.819124,8.51468,8.79426,7.724829,9.348321,8.827905,8.464889,5.61419,9.326234,9.064088,7.532184,6.264115,7.297101,6.722503,10.12913,11.05293,8.585646,9.226085,5.601848,6.716904,10.95891,11.11657,5.184593,8.064817,10.53205,9.709744,10.6527,5.790557,8.621786,4.569043,7.057004,9.431405,6.65548,9.254169,9.833592,8.198964,8.829001,10.82948,6.793738,6.504667,10.92809,10.52341,9.422253,10.72658,11.56829,8.638517,5.571301,SONFH
GSM3507263,5.194899,6.77921,8.577825,7.251908,7.131297,8.647716,8.834647,7.403821,9.238935,8.886518,9.915466,10.22599,7.749671,7.887422,7.823575,8.288311,8.750904,9.996435,7.04832,9.092871,9.746889,7.311934,8.926486,12.32973,6.022182,8.219954,5.573864,7.328289,6.42084,7.696487,11.76848,7.82484,11.08534,9.472809,7.779029,12.11947,5.642208,8.072205,8.285333,8.464889,10.73903,8.615821,6.022537,6.407702,8.267699,8.421559,8.817678,4.982846,8.090588,9.136682,8.083077,8.548996,8.814245,7.938037,8.837702,9.027124,7.847086,8.784399,8.66254,8.296087,5.11995,8.999265,9.134143,6.923804,6.335129,6.86463,6.997208,9.785593,10.90723,9.080905,8.56298,5.258463,6.551753,10.81859,11.31978,4.658307,8.475082,10.58484,9.169036,10.77212,6.493794,9.063252,5.287531,7.262834,8.67456,6.297381,8.987848,9.478436,8.26554,7.846399,10.28967,6.449676,5.756538,10.47815,10.06392,8.862157,10.02195,10.38481,8.838243,5.13778,SONFH
GSM3507264,5.253983,6.546315,8.469214,7.36513,6.816704,8.858917,8.522084,7.164549,9.047409,8.692833,9.082004,10.44319,7.511837,7.657996,7.977488,8.211216,9.021479,9.903938,7.16954,8.926929,9.347872,6.900582,8.99069,11.85192,6.314895,8.118415,5.838861,7.544429,6.319196,7.213055,11.55298,7.362715,10.86177,9.139855,7.611084,11.64674,5.4377,7.447749,8.221132,7.813962,10.35669,7.683478,6.177858,6.107897,7.912421,7.873636,8.637918,5.378244,8.031542,8.255722,7.902707,8.211912,8.27351,7.929945,7.777618,8.695896,7.887244,8.662722,8.216949,7.999028,6.151967,9.02575,8.41907,6.358312,6.289621,7.36167,6.976337,9.619343,10.40768,9.34678,8.279549,5.530942,7.166389,10.32491,10.96279,4.772408,7.32433,10.37086,8.7826,9.928876,6.287502,8.54081,4.622437,7.274712,8.094855,6.192496,9.270289,9.575902,7.283621,8.069608,10.1342,7.16392,5.527115,10.55935,10.16341,8.613771,9.592868,10.86325,7.951419,5.556459,SONFH
GSM3507265,5.482529,6.672,8.603189,7.907769,7.346329,9.869443,9.19284,8.155538,10.16901,9.160686,9.714788,11.24285,8.409055,8.355704,8.541172,9.040755,9.704119,10.8954,7.275195,9.811055,10.34637,8.20962,9.618009,12.36611,7.016717,8.794255,6.632717,8.158911,6.958494,7.651936,12.16093,7.509983,11.73353,8.884499,7.78404,12.27978,5.843357,7.364014,8.59777,8.035306,10.51586,7.901819,6.524467,6.375511,8.427061,8.92357,9.45451,6.234237,8.517068,9.037913,8.343938,9.088196,8.595964,8.929657,8.216352,8.891301,8.074133,9.653539,9.026911,8.797681,6.738044,9.970849,9.010164,7.420089,6.83405,7.44952,7.067856,10.37377,10.74746,9.8127,8.920455,6.363242,7.436674,10.75401,11.69644,5.533896,8.234314,10.74183,9.839657,10.62938,7.096553,8.613766,4.930763,8.031813,8.965569,7.238959,10.13642,10.15933,7.822538,8.920268,11.06101,6.961215,6.290256,11.25397,10.84929,9.685969,10.56712,12.12027,8.679657,6.272721,SONFH
GSM3507266,5.389126,6.729319,8.813854,7.700212,7.378479,9.33672,9.057031,8.011526,9.845533,8.989666,9.916624,11.01478,8.245783,8.126904,8.375882,8.91478,9.461976,10.6019,7.242301,9.637917,10.09918,7.758606,9.389714,12.07438,6.962102,8.460001,6.446807,8.032582,6.798654,7.587598,11.86536,7.119015,11.68967,8.035184,7.635175,12.07379,5.545428,7.01245,8.131584,7.273248,10.04359,7.192736,6.569837,6.238885,8.613707,8.83995,9.261312,6.080725,8.350779,8.915642,8.345618,8.939671,8.419437,8.593743,8.587478,8.763855,7.985814,9.578458,8.759901,8.421097,6.221051,9.686956,8.955188,7.29734,6.925741,7.321848,6.925176,10.05592,11.0148,9.494187,8.995655,5.996149,7.494383,10.86212,11.41611,5.437165,8.098545,10.58869,9.667988,10.25189,6.869797,8.921858,5.089051,7.737944,8.70771,7.002188,9.743706,9.856153,8.038647,8.698558,10.86187,7.1031,6.415947,11.10009,10.6971,9.621571,10.68024,11.69484,8.413331,5.815773,SONFH
GSM3507267,5.022483,6.331224,7.885901,7.208814,6.750305,8.670221,8.29534,6.990666,8.526999,8.389683,9.17641,9.478524,6.73983,7.563076,7.241171,7.567244,8.2783,9.107943,6.041372,8.302452,8.837417,6.56722,8.432209,11.22507,6.252569,7.501401,5.157242,7.53725,6.207513,7.029167,10.37338,6.559012,10.51716,8.161993,6.92091,10.61781,5.493842,6.647883,7.370752,7.047201,8.913888,6.732677,5.793662,6.050035,7.504864,7.833493,8.129995,5.072231,7.102001,7.730062,7.7414,8.111327,8.228126,7.964135,7.393727,8.27326,7.241858,7.940557,7.81989,7.55877,5.81597,8.189924,7.635865,6.186866,6.346622,7.212497,5.993816,9.037552,9.782438,8.435816,8.280076,4.741158,6.385437,9.567756,10.333,4.876303,6.740915,9.554891,8.530972,9.267594,5.548972,7.880174,4.427539,6.264652,7.848815,6.368549,8.532001,9.043488,6.818243,7.535758,9.600014,5.887547,5.372319,9.98238,9.567373,7.807199,9.013002,9.992044,7.086861,4.778483,SONFH
GSM3507268,5.531263,6.610452,8.026353,7.674123,7.095832,9.27597,8.705097,7.233706,9.405066,8.827071,9.692147,10.50642,7.433911,8.000959,8.18492,8.296893,9.19258,10.12025,6.941871,9.195076,9.489787,7.123098,9.531079,11.91397,6.537252,8.07268,5.828286,7.650136,6.434126,7.670938,11.63444,7.011176,11.35914,8.546253,7.487119,11.88894,5.383207,6.775112,8.154196,7.653549,10.24178,7.127168,6.273977,6.267112,7.785317,8.234798,8.681231,5.443949,8.090422,8.395294,8.152519,8.432731,8.402248,8.148199,8.024585,8.534992,8.095159,8.610815,8.49329,8.184779,5.993995,9.284812,8.624446,6.755375,6.516883,7.450483,7.164824,9.786457,10.71709,9.631804,8.619897,5.708161,7.225859,10.62998,11.23943,5.04592,7.404828,10.26463,9.192163,9.900755,5.898068,8.131138,5.299122,7.474439,8.231481,6.494406,9.421899,9.702961,7.528685,8.214231,10.18506,6.467624,5.756882,10.8067,10.43193,8.936414,10.06565,11.27009,8.260019,5.361296,SONFH
GSM3507269,5.188995,6.477687,8.109932,7.35941,7.039453,9.24551,8.793097,7.552092,9.471576,8.866912,9.190604,10.46371,7.599325,7.940804,8.126493,8.43601,9.06608,10.16297,6.027524,9.262444,9.544731,7.23184,8.670773,11.59877,6.770335,8.087895,6.095948,7.853488,6.765553,7.411889,11.44285,7.072841,11.15889,8.07489,6.965328,11.59712,5.584435,6.878047,8.287458,7.499334,9.684575,7.042891,6.090568,6.304621,7.672725,8.124414,8.739084,5.847754,8.048817,8.76912,7.918552,8.483544,8.054071,8.393517,8.13363,8.3277,7.935541,8.6483,8.494502,8.579103,5.990216,9.187148,8.317605,6.975216,6.761425,7.329293,6.753979,9.987503,10.33078,9.358582,8.482927,5.853354,6.808908,10.20372,11.22928,5.202506,7.590499,10.26757,9.076867,9.717796,5.98329,7.929077,4.933463,7.519044,8.369785,7.004565,9.546257,9.823982,7.464257,8.21961,10.68136,6.466034,6.10923,10.8102,10.37497,8.879644,9.869879,11.34087,8.326229,5.68426,SONFH
GSM3507270,5.445614,6.819967,8.639683,7.676656,7.420892,8.931075,8.609992,7.445159,9.243071,8.610632,9.666482,10.35483,7.809302,8.012419,8.14414,8.334193,9.132598,10.18077,6.866465,9.373006,9.591749,7.388075,8.770412,11.76135,6.501904,8.217918,6.349591,7.77459,6.618675,7.439798,11.86426,6.965727,10.93801,8.83461,7.631957,12.07342,5.691322,7.567408,8.27229,7.801587,10.60355,7.723004,6.369795,6.508508,8.436378,8.533668,9.044882,5.509202,8.070782,8.658565,8.270895,8.77367,8.651533,8.2939,8.125646,8.796455,7.903326,9.139013,8.566555,8.176414,6.178349,9.333979,8.689962,6.949744,6.402453,7.298349,6.889283,9.954191,10.6452,9.237632,8.561405,5.673182,7.119667,10.54264,11.17339,4.80072,7.511947,10.41439,9.263501,10.06909,6.493902,8.94558,4.623743,7.246455,8.611783,6.377173,9.13619,9.616132,7.68283,8.103231,10.58309,7.116828,5.830823,10.79522,10.38113,9.009613,10.01753,10.90385,8.340384,5.566462,SONFH
GSM3507271,5.983513,6.725027,9.09585,7.652927,7.409295,9.738088,9.022724,8.432955,10.41124,8.715258,9.729005,12.03253,8.948076,7.931768,8.748856,9.337109,9.96314,10.68805,7.487415,10.00059,10.67579,8.082003,9.800498,12.5622,7.182808,8.933914,7.006537,7.650638,6.974844,8.035025,12.39375,7.963656,11.28079,9.146166,8.210716,12.5803,6.089078,8.155474,8.962753,8.271719,11.3533,8.605017,6.70319,6.214789,8.701008,8.705224,9.798498,5.75521,9.177341,9.645513,8.411062,9.246973,8.765951,9.1257,8.547682,9.520963,8.910954,10.21622,9.251526,9.607207,6.459041,10.11764,9.77337,7.984115,6.512733,7.806758,7.730266,10.45889,11.1048,9.967089,9.010737,7.286195,8.037514,11.01078,11.79327,5.28573,8.773195,11.1339,10.40896,11.25405,7.151175,9.109045,6.050246,8.102474,9.178328,6.772641,9.648663,9.828512,8.305431,9.000168,11.68234,7.741433,7.591187,11.48692,11.13428,9.973333,10.99276,12.08168,8.643345,6.842471,SONFH
GSM3507272,5.349678,6.746096,8.675882,7.665523,7.21427,9.080366,8.624518,7.596931,9.393912,8.574718,9.739688,10.58535,7.817053,8.062868,8.113708,8.337949,9.198202,10.19256,6.160557,9.317199,9.673298,7.160203,9.42275,12.05979,6.664304,8.588594,6.217617,7.868946,6.775051,7.862506,11.73907,7.083915,11.42295,8.360715,7.690836,11.88048,5.748941,7.266667,8.115489,7.878186,10.03675,7.045089,6.316238,6.256822,8.364292,8.591166,9.065336,5.443027,8.210202,8.682961,8.165635,8.421309,8.832167,8.355122,8.401632,8.816862,8.154243,8.694408,8.635065,8.319874,5.903865,9.390053,8.886053,7.380358,6.683619,7.061027,6.935983,9.873676,10.63792,9.40932,8.747005,5.367541,6.683567,10.52281,11.25967,4.85272,7.521904,10.4673,9.187587,10.12216,6.369167,8.692974,4.797967,7.235487,8.478817,6.80873,9.16233,9.719643,7.966666,8.228493,10.18448,6.59738,6.00214,10.95533,10.5498,9.077186,10.11163,11.23018,8.085875,5.757558,SONFH
GSM3507273,5.342678,6.577239,8.265015,7.748703,7.24429,9.590122,8.589519,7.528411,9.747814,8.626931,9.550529,10.92926,8.35568,8.157257,8.26873,8.417062,9.40353,10.41528,6.718239,9.300138,9.738084,7.349901,9.618023,12.25789,6.612611,8.735072,6.380719,7.692935,6.602723,7.524086,12.37767,7.800115,11.52594,9.453784,8.249921,12.51913,5.541264,7.46435,8.564156,8.364341,10.37907,7.910601,6.161215,6.085477,7.929968,8.435371,8.920195,6.048589,8.297024,8.506289,8.150201,8.568593,8.716476,8.414663,8.00826,8.708322,8.038314,8.965413,8.510653,8.122936,6.556776,9.576807,8.370158,6.886929,6.617366,7.268357,6.719718,10.11937,10.68095,9.751759,8.606623,5.917801,7.568783,10.58815,11.38309,4.924839,7.618301,10.74524,9.404716,10.47579,6.856674,8.529321,5.152347,7.711267,8.338573,6.697706,9.483612,10.16146,7.355472,8.309787,10.5086,7.189528,6.127924,10.85387,10.43963,9.430227,10.0985,11.58446,8.473385,5.924823,SONFH
GSM3507274,5.205926,6.600674,8.726881,7.878326,7.152188,9.463259,9.424973,8.164824,9.808942,9.473396,9.533983,11.21255,8.029085,8.195649,8.32082,8.681448,9.825731,10.85144,7.484236,9.539416,9.92951,8.018577,9.148698,12.44691,6.774996,8.644328,6.318836,7.868036,6.650818,7.780584,12.38818,7.658561,11.72173,8.823147,7.503453,12.50208,5.660963,7.496861,8.690546,8.432453,10.36847,7.708097,6.44034,6.298367,8.253801,8.31511,9.325604,5.977592,8.690752,9.272696,8.418148,8.900109,8.791023,8.747758,8.400633,8.788437,8.51615,9.241012,8.775148,8.930871,6.349082,9.897574,9.111305,7.259549,6.707614,7.372035,7.472019,10.50212,11.04782,10.28994,8.408052,6.82394,7.84127,10.91349,11.39752,5.214925,8.273212,10.82464,9.367074,10.75114,7.004573,9.082685,5.777567,7.570744,8.497267,6.792369,9.799755,9.965273,8.081286,8.302168,10.5114,7.080959,5.74135,11.36319,10.89982,9.707759,10.38391,11.86513,8.530131,5.819425,SONFH
GSM3507275,5.18425,6.477761,8.299239,7.358551,6.835799,8.642033,8.535384,7.25208,9.271743,8.594709,9.541927,9.950172,7.578238,8.226947,8.039258,8.071869,8.89609,10.25838,6.548173,9.300787,9.37582,6.844776,8.963862,12.27105,6.193375,8.54472,5.88033,7.541742,6.522716,7.626312,12.04643,7.741358,11.2966,8.874951,7.931026,12.21625,5.636562,7.670575,8.053477,8.448688,10.28551,7.855812,6.155024,6.40387,7.940496,8.163153,8.790459,5.18506,7.835961,8.277843,7.967136,8.384138,8.721536,7.99842,7.980246,8.711563,7.766172,8.195494,8.312973,8.144947,5.678881,9.337967,8.653305,6.701519,6.425705,7.184148,7.16092,9.753645,10.62435,9.287396,8.50321,4.95303,7.205742,10.49902,11.57395,4.913665,7.455749,10.37191,9.202304,10.17601,6.11628,8.51865,4.713652,6.907715,8.895971,6.385005,8.911001,9.767118,7.645933,7.716875,10.26567,6.116857,5.702421,10.71301,10.27778,8.724562,9.754176,10.56983,8.380342,5.50689,SONFH
GSM3507276,5.418392,6.598694,8.336605,7.71712,7.035659,8.930415,8.638156,7.37997,9.435194,8.834423,9.751409,10.45323,7.751931,7.800686,8.124496,7.877707,9.324269,10.14445,6.877406,9.321361,9.422518,7.245526,9.19674,12.05188,6.577765,8.149873,5.882713,7.8138,6.620412,7.60366,11.6446,6.925525,11.16918,8.531436,7.561702,11.90971,5.592708,6.961359,8.097174,7.715725,10.2908,7.09376,5.958004,6.25694,7.834649,8.190302,8.669685,5.872683,7.837851,8.510858,8.098037,8.53235,8.57724,8.358389,7.866203,8.5555,8.102684,8.847261,8.562274,8.229388,6.138412,9.365327,8.461432,6.830878,6.63334,7.075771,6.868549,9.700758,10.62135,9.816971,8.487464,6.139383,6.903296,10.64771,11.13874,5.021258,7.61706,10.21559,9.261396,10.16048,6.085119,8.525568,4.998287,7.411234,8.152634,6.430621,9.402842,9.679594,7.302738,8.118515,10.78522,6.825799,5.767219,10.71791,10.30367,8.704512,9.918595,11.27082,8.267297,5.661321,SONFH
GSM3507277,5.649556,7.19782,9.352964,7.825678,7.300068,9.545881,9.079233,8.354503,9.916922,9.135998,9.25382,11.31275,8.148071,8.182566,8.510287,9.181843,9.634972,10.99951,7.776548,9.716339,10.07975,8.193325,8.955919,12.27429,7.211108,8.524621,6.403181,8.416473,6.842283,7.378434,12.46955,7.521298,11.70651,9.034662,6.97206,12.49259,5.650932,7.55017,8.514277,8.420918,10.81736,7.843693,6.571863,6.33178,8.664245,8.506153,9.446583,6.841917,8.400286,9.095143,8.473783,8.900438,8.286682,9.048475,8.104545,8.946616,8.238102,9.678309,8.645138,9.286336,6.7381,9.849554,8.44952,7.328245,6.474392,7.472487,7.04548,10.63157,10.77516,9.65675,8.444268,6.52282,8.034753,10.62199,11.56645,4.826178,7.796363,10.6425,9.644754,10.525,6.881618,8.518061,5.472062,7.676103,8.480893,7.538216,10.11031,10.1274,7.83032,8.940627,11.47049,6.96842,6.900605,11.4049,10.9883,9.089069,10.94065,12.2594,8.81036,5.485393,SONFH
GSM3507278,5.456977,6.484151,8.811154,7.553797,6.99749,8.945181,9.39563,7.488577,9.536626,9.43455,9.807877,10.61048,8.07526,8.07264,8.44327,8.504248,9.481197,10.52584,7.358015,9.680351,9.700502,7.597561,9.338272,11.84414,6.517054,8.140613,6.048333,7.821483,6.453114,7.675591,11.83847,6.656845,11.32926,8.44893,6.878047,12.21467,5.760171,7.003131,8.236959,7.417724,10.2563,6.981301,6.298502,6.452636,8.369686,8.636669,9.006711,5.535732,7.956927,8.612708,8.480746,8.871338,8.462996,8.391811,8.450159,8.499239,8.159143,9.075571,8.60008,8.018158,6.668963,9.771798,8.809038,6.992783,6.604878,7.266973,7.137883,9.669418,10.73658,9.70985,8.614393,5.347158,7.170385,10.70445,11.41133,5.240477,7.46389,10.32233,9.420942,10.07096,6.145334,8.711914,5.06039,7.068398,8.608289,6.705987,9.296666,9.553349,7.977225,8.182436,10.78867,7.128801,5.983451,10.68279,10.15709,8.777075,10.34839,11.3347,8.581821,5.612907,SONFH
GSM3507279,5.263831,6.426069,8.682186,7.843687,7.343782,9.397043,8.939492,7.788872,9.888657,8.916622,9.722759,11.10463,8.405735,8.309051,8.538777,8.876773,9.74091,10.60748,6.822423,9.641094,9.793252,7.683248,9.542551,12.12954,6.82212,8.599463,6.235087,7.994362,6.815246,7.937464,12.48028,6.753538,11.74442,8.702675,7.521727,12.54735,5.814193,6.95002,8.780422,7.806748,10.83659,7.101048,6.316838,6.228799,8.275211,8.333355,9.205881,6.04865,8.27137,9.045863,8.314068,8.777531,8.546771,8.588696,7.957866,8.611724,8.284143,9.136332,8.656954,8.445591,6.824977,9.820253,8.925805,7.043097,6.640534,7.242448,7.173704,10.25242,11.0117,9.96963,8.462848,6.459388,7.593726,10.91768,11.42715,5.309935,8.307364,10.84183,9.550429,10.33891,6.613204,9.19762,5.256769,7.70497,8.539732,6.634482,9.797214,10.15063,7.525613,8.435418,10.65876,7.820812,6.058526,11.07397,10.66797,9.522817,10.22481,11.63837,8.446788,5.967552,SONFH
GSM3507280,5.429572,6.705653,8.618103,8.064252,7.368961,9.375684,8.762949,7.624196,9.50627,8.82529,9.82297,10.95996,7.894695,8.117762,8.213793,8.15533,9.481478,10.54762,6.481876,9.390923,9.615915,7.626872,9.302404,12.1456,6.638634,8.158633,6.031947,7.659221,6.575224,7.719137,12.15562,7.428722,11.39012,8.944917,7.93437,12.36424,5.507611,7.505234,8.452183,8.202213,10.57377,7.83145,6.300928,6.41881,8.132782,8.508869,9.092013,6.007155,8.233274,8.873915,8.297702,8.684879,8.689465,8.41551,8.428326,8.873056,8.275387,9.196138,8.67225,8.580481,6.792451,9.660478,8.752386,6.994845,6.357352,7.407433,7.021377,10.10273,10.91748,9.982308,8.299607,5.926153,7.34217,10.7952,11.31188,4.858923,7.935784,10.59015,8.933203,10.65813,6.744441,9.200633,5.0256,7.315176,7.956032,6.638912,9.472163,9.899269,7.891924,8.475516,10.31292,7.594748,5.565012,10.92717,10.49194,9.018803,10.3065,11.46872,8.589124,5.506662,SONFH
GSM3507281,5.162147,6.560495,8.275493,7.446007,7.288338,9.040344,8.586523,7.320574,9.692973,8.639132,9.990939,10.40421,7.628375,8.354952,7.355778,8.230528,9.028842,10.29362,6.809864,8.684966,9.901877,7.533906,9.054497,12.37866,6.651112,8.193595,6.472098,7.734358,6.446053,7.591615,11.42315,7.352738,11.44465,9.109251,7.260531,11.64317,5.241704,7.89924,7.827946,8.004615,9.554283,7.302661,6.231297,6.102063,7.970509,8.370115,8.932184,5.568958,8.251965,8.088218,7.864091,8.645818,8.314568,8.278658,8.032614,8.538173,7.660706,8.214417,8.429337,8.5968,5.211841,8.964179,8.45359,7.190454,6.784077,7.133764,6.336461,9.706522,10.59651,8.70795,8.944379,5.203296,6.702561,10.595,11.2997,4.701736,7.837824,10.37327,9.560264,10.17692,6.047907,8.133039,4.387753,6.710338,9.22372,6.953883,9.159695,9.966353,7.477717,8.195963,10.28642,5.94806,5.637043,10.93376,10.48978,9.169036,10.02371,11.46749,8.195088,5.239172,SONFH
GSM3507282,5.240535,6.522195,8.296403,7.322193,6.742209,8.554739,8.632273,6.950214,8.911393,8.650764,9.488438,10.0039,7.426152,7.842055,7.584194,7.773674,8.898472,9.798004,6.865137,8.817302,9.304592,6.796875,8.759289,11.98598,5.893764,7.895845,5.76807,7.424566,6.569019,7.164353,11.76954,6.996388,11.16058,9.093063,7.77991,11.91546,5.279548,7.551092,8.289924,8.165313,10.61002,7.554763,6.154831,6.475053,7.834034,8.29322,8.869864,4.822052,7.773196,8.548834,7.870487,8.204582,8.705452,7.721129,8.287918,8.727996,7.746912,8.042726,8.312381,8.134942,4.88453,8.968364,8.480338,6.901563,6.408203,7.12231,6.892975,9.630611,10.62534,8.723925,8.383872,5.283329,6.790727,10.52186,11.10093,4.962813,7.260646,10.24946,9.067685,10.02902,5.892217,8.667538,4.794987,6.793783,8.473685,6.404697,8.369621,9.586128,7.965505,7.429932,9.481793,6.368365,5.378707,10.56924,10.17079,8.652033,9.600689,10.41398,8.031895,5.337817,SONFH
GSM3507283,5.583212,6.623904,8.877979,7.6353,6.883998,9.514063,9.400056,7.789629,9.633291,9.364241,9.377012,11.70054,7.982773,8.084345,8.377189,8.980062,9.955938,10.65541,6.949495,9.495227,9.916902,8.064221,9.452465,12.34107,6.723371,8.680229,6.215839,8.104949,7.132759,7.514031,12.52923,6.991182,11.4604,9.303071,7.871047,12.57233,5.376405,7.556039,8.68047,8.326699,11.10855,8.101739,6.451752,6.297312,8.059182,8.122078,9.292198,5.841681,8.557554,8.908013,8.137745,8.727782,8.319489,8.501736,8.690808,8.797462,8.689514,9.376881,8.504401,8.899682,6.066855,9.815012,8.712757,7.049165,6.326788,7.268666,7.416183,10.63434,11.04768,9.733406,8.317272,7.066746,8.08283,10.91269,11.51067,5.032739,7.869675,10.81507,9.592278,10.81891,6.831687,9.059261,5.804659,7.984628,8.12053,7.61303,9.762114,10.13874,8.324791,8.809131,11.20528,7.703086,6.380346,11.17603,10.76015,9.116758,10.84267,12.37974,8.496717,6.382686,SONFH
GSM3507284,5.413785,6.798763,8.680022,7.564492,7.192991,9.186961,8.347075,7.234765,9.326451,8.35425,9.693087,10.26385,7.690115,7.924348,7.641501,8.255359,8.940854,9.930681,6.468427,8.949031,9.70138,7.330039,9.287863,11.87988,6.600683,8.19954,6.251595,7.739165,6.713708,7.319889,11.62333,7.14706,11.29106,8.660223,7.306736,11.76697,5.420137,6.993912,8.192997,7.673964,10.34039,7.259286,6.276237,6.304243,8.11051,8.4279,9.006639,5.9745,8.056359,8.513162,7.932226,8.472554,8.541736,8.257658,8.254176,8.454239,7.962394,8.877132,8.65638,8.250975,6.146165,8.980029,8.288178,7.086949,6.863669,7.25309,6.783097,9.788383,10.55759,9.075109,8.807965,5.580379,6.922953,10.46479,10.90856,5.140974,7.489996,10.43421,9.327979,9.972525,6.62027,8.505157,5.066689,7.018193,8.185098,6.566463,8.892376,9.561217,7.671714,8.343186,10.59487,6.568267,6.09176,10.57249,10.17374,8.891117,9.824553,11.04833,8.072421,5.462884,SONFH
GSM3507285,5.427166,7.137445,9.315376,7.57985,7.11447,9.192587,9.279139,7.838997,9.579169,9.278931,9.591762,11.23808,8.286321,8.041165,8.561227,8.860728,10.05681,10.99917,7.382686,9.656127,10.15411,8.201855,9.202905,12.17931,6.566364,8.404633,6.013947,8.074497,6.802451,7.420741,12.22443,6.744093,11.54859,9.149544,7.489505,12.34694,5.527706,7.177542,8.659386,8.005456,10.68057,7.992226,6.410071,6.438293,8.542768,8.195611,9.371704,6.133303,8.211101,9.210478,8.534112,8.92489,8.32929,8.711563,8.217448,8.494604,8.779429,9.382559,8.690309,8.851265,5.969129,10.11304,7.887221,7.377625,6.711679,7.218955,7.555805,10.40284,10.93219,9.698816,8.334892,7.542799,7.307635,11.08667,11.64102,4.82688,8.171237,10.7241,9.831645,10.54925,6.305596,8.661276,5.756989,8.012837,8.168898,7.462525,9.67248,10.06512,8.107713,9.452385,11.56573,7.49892,7.017499,11.12526,10.65298,9.090694,11.1523,12.27552,9.066138,6.446441,SONFH
GSM3507286,5.102411,6.535506,8.451671,7.573032,6.587753,8.483303,8.602449,6.892175,9.040366,8.652693,9.210496,10.33962,7.661438,7.77181,7.734849,8.258197,8.849335,10.08983,6.597893,8.899456,9.347351,7.239399,8.959335,12.42439,5.723628,8.345736,5.665472,7.551138,6.64374,7.48885,12.06725,7.328255,10.91521,9.328614,8.176222,12.18774,5.449172,7.757391,8.43803,8.495146,10.9875,8.079754,5.978419,6.284384,7.860987,7.798902,8.77487,5.537183,7.78792,8.727204,7.687003,8.515708,8.771656,7.8836,8.177471,8.719881,7.847913,8.609005,8.273319,8.429136,5.477857,9.013267,8.535064,6.687174,6.258254,7.210341,6.907648,9.726011,10.57242,9.206824,8.154421,5.910118,6.696576,10.38446,11.06146,4.814425,7.563263,10.31382,9.143549,10.45901,6.446299,8.860064,5.054088,7.18615,8.242566,6.334407,8.871006,9.685686,7.693995,8.183538,10.02357,6.887633,5.960482,10.40254,9.997854,8.876856,9.552879,10.792,8.262012,5.516923,SONFH
GSM3507287,5.529147,6.994531,8.995129,7.761423,6.973163,8.983332,9.348787,7.690426,9.609114,9.348579,10.05273,10.99579,8.854239,8.156863,8.322375,8.430984,9.450123,10.847,7.874031,9.455592,10.19761,7.99047,9.454992,12.52345,6.283368,8.624274,6.233322,7.604272,6.811939,7.785425,12.61659,7.142303,11.44706,9.831141,8.707719,12.68796,5.663309,7.985096,8.73215,8.642385,11.36042,8.475965,6.101607,6.566199,8.514009,8.440766,9.333704,5.76381,8.426463,9.000769,8.591357,9.086702,9.037436,8.506187,8.36292,9.114122,8.068569,8.989175,8.720091,8.652617,5.719343,10.04376,9.312114,6.966847,6.485346,7.370143,7.243998,10.37502,11.0202,9.536649,8.532271,6.02086,6.983235,10.96656,11.75032,4.748991,8.061907,10.83018,9.906609,11.37875,7.024658,9.168979,5.326183,7.785764,8.632811,6.449984,9.805979,10.08966,8.592996,8.661664,10.60004,7.360344,7.060076,10.95877,10.48532,9.317966,10.65082,11.51937,9.239788,5.932687,SONFH
GSM3507288,5.156419,6.545458,8.400578,7.759274,7.096752,8.684196,8.881685,7.341142,9.197777,8.849556,9.443813,10.38604,7.679653,8.011117,7.78442,8.226022,9.023656,10.28909,6.29507,8.897948,9.367404,7.303735,8.876504,12.32425,6.244029,8.377335,6.071813,7.540648,6.549794,7.463907,12.07598,7.453866,11.14277,9.45326,8.041358,12.20172,5.389453,8.409983,8.304099,9.069045,10.72891,8.579622,5.989863,6.218558,7.961565,7.798077,9.07456,5.565613,8.179592,8.784825,7.753673,8.243872,8.942346,8.208727,7.899477,8.977935,8.063374,8.526983,8.377618,8.214401,5.319784,9.107324,8.87967,6.756155,6.370163,7.329526,6.970516,10.18209,10.62947,9.594049,8.293634,5.951613,6.66715,10.60002,11.31396,4.76418,7.555888,10.43211,8.995088,10.57903,6.771784,8.906223,5.143507,7.547418,8.69436,6.353498,9.133883,9.934024,7.465229,8.04765,9.868513,6.451505,5.597722,10.80756,10.42216,8.678846,9.467119,10.78913,8.178707,5.138961,SONFH
GSM3507289,5.244143,6.931307,8.770615,7.574425,7.307551,9.057671,9.087919,7.486176,9.538393,8.963315,10.27243,10.62522,8.239216,8.193145,8.155473,8.55759,9.350282,10.32901,7.061564,9.40664,9.987228,7.640235,9.336412,12.1863,6.252391,8.361276,5.997509,7.712974,6.77797,7.429005,12.09936,6.690718,11.33707,8.826644,7.791588,12.24632,5.679951,7.103921,8.264656,7.830232,10.56939,7.411874,6.295089,6.428999,8.460538,8.88866,9.074556,5.87126,8.063033,8.920794,8.281235,8.911264,8.84165,8.325305,8.535567,8.580741,8.083044,9.281377,8.871098,8.036119,6.273118,9.717013,9.182872,7.204065,7.32971,7.555858,7.326559,10.01092,11.06553,9.34632,8.909033,5.861239,6.93009,10.97272,11.38776,5.199244,7.949379,10.65052,9.606902,10.48702,6.735597,8.916524,5.026772,7.286119,8.583877,6.560019,9.059343,9.598526,8.134583,8.695907,10.41393,6.888376,5.808861,10.88063,10.41672,9.297843,10.38599,11.03477,8.664191,5.694953,SONFH
GSM3507290,5.158492,6.436567,7.771338,7.442562,7.082877,8.962521,8.59947,6.904305,9.078086,8.605165,9.462764,9.85333,7.359972,7.960117,7.515485,8.231421,8.842853,9.654705,6.583238,8.809145,9.412979,7.003403,8.60873,11.86851,6.230703,7.813507,5.759645,7.559513,6.757905,7.316026,11.35039,6.869144,11.1721,8.494639,7.262616,11.47974,5.386486,6.91552,7.921823,7.8235,9.943081,7.181216,5.991033,5.87246,7.824537,7.99165,8.392097,5.751952,7.298249,8.101566,7.881225,8.266435,8.242682,7.876486,7.873832,8.319985,7.242622,8.360058,8.109725,7.844151,5.351821,8.829152,7.840757,6.594249,6.651105,7.254412,6.62796,9.612728,10.21218,8.744044,8.367981,5.361784,6.493948,10.16972,10.66064,5.078995,6.902808,9.938331,9.083776,9.817631,6.231989,8.153092,4.580553,6.757939,8.003289,6.652386,8.851972,9.640738,7.19914,8.078365,9.843618,6.226852,5.537359,10.28151,9.892029,8.560122,9.677243,10.81696,7.825734,5.114608,SONFH
