sample,11716876_a_at,11729582_s_at,11732236_a_at,11719581_a_at,11736395_a_at,11729583_x_at,11740680_s_at,11725497_a_at,11742143_s_at,11736538_s_at,11742315_s_at,11720494_a_at,11731448_a_at,11737280_at,11736696_a_at,11739787_a_at,11756003_x_at,11728821_a_at,11756301_x_at,11721930_a_at,11729920_at,11720807_x_at,11732235_a_at,11739340_at,11745557_x_at,11733360_x_at,11758559_s_at,11728137_at,11727808_s_at,11728138_at,11745300_a_at,11754453_s_at,11749318_a_at,11756160_x_at,11739338_at,11745299_x_at,11717871_s_at,11727807_at,11753827_x_at,11737268_s_at,11753662_x_at,11750918_a_at,11746263_a_at,11725438_a_at,11727970_a_at,11721656_s_at,11725439_at,11733482_a_at,11745661_x_at,11752881_s_at,11727969_a_at,11721029_a_at,11751870_x_at,11727161_a_at,11752701_s_at,11739339_s_at,11716467_x_at,11715752_at,11761538_x_at,11747546_a_at,11724635_at,11731446_s_at,11723952_at,11721655_at,11716466_s_at,11731452_s_at,11739230_a_at,11728669_a_at,11747125_a_at,11722470_x_at,11730499_a_at,11737267_a_at,11731454_a_at,11718997_at,11755059_s_at,11715792_a_at,11721030_a_at,11731451_at,11749176_a_at,11724538_a_at,11733941_a_at,11743067_at,11758929_at,11743068_at,11741977_a_at,11728670_a_at,11719359_a_at,11750456_s_at,11725950_s_at,11740553_a_at,11739061_at,11757303_s_at,11739937_a_at,11725951_at,11744965_x_at,11733100_at,11751970_a_at,11726179_a_at,11729757_a_at,11721931_s_at,class
GSM3507251,8.557409,8.73293,4.99403,7.00447,7.177016,10.10315,5.874669,6.427765,5.937729,5.915199,5.907681,6.458408,5.882703,7.810727,6.964293,3.802539,3.164706,4.277569,8.454957,7.217052,4.954436,1.736091,4.253155,5.92027,7.214436,6.412936,8.497303,6.5992,9.600315,4.177295,2.749471,8.656445,8.185987,6.075611,8.870037,6.292865,6.764538,4.099481,7.250937,5.155025,7.054167,4.087893,7.085751,11.27899,5.63871,7.220813,11.97214,8.048323,4.171605,5.101368,6.307517,6.184038,3.50673,5.856619,5.040342,10.01237,8.177168,9.090311,6.7175,5.626318,7.763617,7.566671,6.323502,7.888256,6.345981,7.420826,4.443777,6.797106,8.169231,5.16982,4.209336,5.011745,10.25778,9.223879,8.99577,8.637331,7.359712,5.417298,7.824893,4.569173,4.036007,7.266092,5.684701,9.045671,4.149736,5.649747,7.970653,5.023431,9.748353,5.381547,7.220876,10.14685,7.399313,9.522598,7.016248,4.43819,3.921659,2.796065,4.467706,6.878427,control
GSM3507252,8.72381,11.21623,7.868501,10.28933,10.45849,12.94683,8.663006,11.04259,8.607899,8.624262,8.725281,7.207698,9.541193,11.07417,9.96174,10.50652,9.388454,7.019146,10.01361,10.09559,8.053823,10.80675,6.73059,9.793498,11.80902,8.833643,9.340133,10.06711,11.83804,7.881823,6.994784,10.27236,10.49135,7.003067,12.02558,10.64557,8.233387,9.141988,11.92994,8.018767,11.72102,6.419081,10.37626,13.26159,7.775052,9.890251,13.13567,6.157817,6.110325,8.078774,8.742691,6.566738,6.308299,7.612829,7.976721,12.51121,10.24344,7.97577,8.509621,6.195482,10.31348,10.81097,10.96436,9.667303,8.747097,9.080871,7.853126,10.11377,10.76474,9.168177,7.441122,8.200645,10.55116,11.05697,8.357009,9.854315,7.365556,6.539103,10.54426,7.685803,5.777721,10.53915,6.31099,11.23188,7.344089,9.348122,8.176903,7.696024,11.90724,5.813973,8.789616,12.09913,6.071286,11.61464,9.65905,6.287169,7.939477,5.901105,5.239296,9.175415,control
GSM3507253,8.505177,10.62525,7.683703,9.050923,9.215179,12.6179,8.101383,7.95552,7.857437,7.919959,8.245027,8.543353,8.355137,8.522453,9.920204,8.256703,6.768762,5.780903,9.683966,10.94088,8.593866,9.37129,6.990414,8.732722,10.78942,8.51029,9.874104,9.543177,10.59702,7.49146,4.973563,10.91664,10.12173,8.12247,11.28631,9.810022,8.026222,8.108831,11.34423,7.356441,10.82662,5.321611,9.458369,13.2637,7.798507,9.114132,13.16944,8.304876,6.763692,7.364122,8.667625,5.791938,6.445415,7.044743,7.349376,11.815,10.43747,5.381186,8.626512,5.38759,9.699218,9.429187,10.7915,9.246543,8.487377,7.608871,8.142523,9.278097,9.839488,8.011215,7.325934,7.142222,9.947423,11.55839,8.961798,9.460851,6.776898,5.335942,10.01152,7.089528,6.845113,10.97457,4.89688,11.762,6.240745,8.802596,7.262987,7.650683,10.94512,5.456543,8.536992,11.17098,8.213614,10.7356,10.61714,7.078704,7.937757,4.160248,5.620123,10.20501,control
GSM3507254,8.94181,10.19644,6.749736,9.483574,9.673876,12.28693,8.149967,9.102225,7.804259,7.960407,7.973178,6.486973,8.820645,10.00545,9.331628,7.907831,6.471226,5.888033,10.52026,9.285774,7.680902,9.460186,6.096196,9.195862,10.98067,8.604115,8.410751,10.16393,10.21533,8.090366,4.864594,9.382859,10.78119,6.242247,11.75697,9.826868,7.741434,6.805356,10.99006,7.204032,10.86427,5.428741,8.606367,12.52532,7.170244,8.479558,12.67699,6.44031,5.409542,7.32614,8.171408,5.400999,5.084542,6.014651,7.168413,12.10904,9.562341,6.748736,9.329094,5.068012,8.918979,10.24361,9.095136,8.438573,7.707511,8.135298,6.377123,9.005497,9.774572,6.945753,6.646576,7.546532,10.02416,11.24856,8.636821,9.592297,6.526235,5.489078,9.599034,6.116328,5.699916,9.692738,5.058202,10.51643,6.482472,8.064796,7.342103,7.387714,10.82921,5.45153,7.720881,10.83483,5.920606,10.72028,8.586113,5.716464,7.696635,5.103454,5.322948,8.061143,control
GSM3507255,8.813538,11.09068,8.448383,9.966805,10.06115,12.8377,8.281197,10.4275,8.213202,8.264534,8.454098,7.700443,9.673346,10.77009,9.758898,9.764305,8.597828,6.627501,10.08116,8.818477,8.694458,10.57418,7.580755,9.249146,10.92176,8.890066,9.731139,10.7925,11.56892,8.708439,6.422286,10.4641,10.3425,7.247702,11.9953,9.973259,7.953624,9.079234,11.11676,7.418587,10.93524,6.04865,10.1571,13.22518,8.151865,10.25725,13.19695,5.711877,7.148755,7.543453,8.801292,7.062424,7.037364,7.138193,7.674555,12.31953,10.85988,7.366595,8.551436,6.831984,10.36423,10.73912,10.76665,9.797945,9.048178,8.773638,7.347718,9.915591,10.48953,9.561088,7.512463,6.647097,10.41978,11.45976,8.766697,10.15948,8.177645,6.061081,10.21724,7.411329,6.136942,10.21544,6.163367,10.88926,5.54091,8.948547,7.960345,7.615753,11.44467,5.549139,8.2222,11.89461,5.504714,11.29585,8.234544,6.357246,7.947094,5.98431,5.695833,7.800078,control
GSM3507256,8.28816,10.12291,7.013339,9.238316,9.389742,12.16234,7.876316,9.569218,7.847722,7.567138,7.97191,7.653397,7.860137,9.526112,8.432035,10.63106,9.436772,6.453424,9.508101,10.11183,7.321882,9.676264,6.15251,8.505514,10.48709,7.32244,8.148791,8.379808,10.2148,5.85881,6.00696,9.02731,9.71549,7.159935,10.91827,9.57889,6.866339,5.630871,10.77832,7.07843,10.49125,5.786015,8.411459,12.87688,6.267776,8.407643,12.95575,6.977432,5.934243,7.392475,7.335158,5.644972,5.628811,6.722697,7.143842,11.58035,9.074738,6.919941,8.789047,5.286108,8.545849,9.340944,10.2906,8.84846,7.050895,7.837439,7.420457,8.687426,9.639766,6.91559,6.200613,7.350005,10.30379,10.73176,8.946059,9.003298,6.923493,5.589167,9.839054,6.739162,6.178316,9.744309,6.044831,10.70767,6.140845,6.011271,8.401383,7.585339,10.70189,5.612411,8.383389,10.93291,6.479571,10.56769,9.582676,6.541262,7.087494,5.220564,6.158778,9.32137,control
GSM3507257,9.094606,11.79638,8.711367,10.66081,10.60374,13.53406,9.851624,11.00169,9.806581,9.668638,9.895985,8.057846,9.827097,11.12502,10.7488,10.60354,9.595173,7.958577,10.32081,10.47878,9.329871,10.89628,8.191077,9.683715,11.63621,10.12051,9.975142,10.73814,11.10672,8.907088,7.123353,10.61261,10.76656,7.919163,12.02408,10.51009,8.86908,7.783724,11.68828,9.282298,11.46648,7.670094,9.853762,13.53899,9.898367,10.16474,13.26157,8.237082,8.074608,9.316309,10.019,7.248124,7.671011,8.436568,9.235086,12.41823,11.13033,7.874085,9.192739,6.981048,9.980182,10.98241,11.58554,10.04998,9.608952,8.488625,8.222046,10.21699,10.6907,9.861277,7.782454,9.396277,10.33371,12.23564,9.349437,9.958666,8.058457,5.988004,10.73593,8.837404,7.124563,10.80724,6.940257,11.51811,8.445107,9.242808,8.305314,8.806211,11.69076,5.391332,8.790442,11.96056,7.628408,11.43287,10.3223,7.709541,8.800108,6.276983,6.326056,9.988756,control
GSM3507258,8.137056,6.717366,4.669218,6.938884,6.93788,8.959162,4.369011,7.708288,4.471892,5.001933,4.288306,4.066763,6.005084,7.436206,6.910491,6.673732,5.184538,4.724324,9.228693,7.62015,4.915001,1.815625,3.249679,6.366477,6.905177,6.762814,6.795306,7.528552,8.407215,4.843163,2.83062,7.550749,9.755857,4.176777,9.500135,5.843014,5.668262,4.642005,7.249216,4.363943,7.159014,3.518617,6.688575,10.24451,5.56535,6.617622,10.56869,4.355912,3.403228,3.66212,6.250932,4.452522,2.873733,4.580088,4.259893,10.23235,7.120992,4.52489,8.403318,3.888638,6.466972,8.456455,9.550803,6.881767,5.456386,5.601606,4.434642,7.231267,8.07408,5.838849,4.041211,4.329871,9.732644,7.7534,7.486996,8.122544,4.842711,3.915732,8.0581,4.027489,4.004428,8.726298,3.626865,9.78654,3.284808,6.163297,4.809197,4.422336,9.3781,5.471892,6.029165,9.531948,4.32758,8.932501,7.300267,4.297432,4.48613,3.344654,4.00131,6.979733,control
GSM3507259,8.432276,12.12613,8.281876,11.15157,11.25086,13.30907,8.666756,10.03731,8.584756,8.632675,8.74729,7.017447,10.49915,11.05992,10.48517,11.90633,10.78421,7.290894,9.886634,9.378567,8.686649,11.05218,7.055787,10.19536,11.53262,9.957262,9.953217,10.39323,12.08902,8.624088,6.516043,10.54109,9.857069,6.846053,12.35833,10.59796,8.012957,8.995209,11.92108,7.795441,11.52546,6.744178,10.71485,12.86798,9.165996,10.57808,12.78821,6.498895,6.605161,7.845303,9.908274,6.709576,6.718687,7.379609,7.958945,12.78662,10.77942,8.171928,7.93798,6.345819,10.852,11.75319,11.22937,10.18627,8.797367,9.006996,7.340028,10.58373,11.10002,9.509171,7.255967,8.35753,10.5498,11.29582,8.61369,9.866864,7.69589,6.576912,11.06331,7.857238,6.336639,10.54355,5.793322,11.09787,7.486901,10.15811,6.590853,7.928327,11.83063,5.253911,7.732476,12.39288,6.480522,11.86508,8.256903,7.183336,7.745799,5.476298,5.221161,8.371228,control
GSM3507260,8.385201,8.563044,6.641864,7.3304,7.488406,10.65219,5.643051,8.268433,5.375114,5.25628,5.36971,7.1502,9.057079,7.754519,7.393475,3.961401,3.587532,4.886573,9.556396,7.423429,7.338269,1.968502,5.498274,7.603907,8.087192,7.59465,9.197536,8.56069,10.73072,5.858877,4.428315,9.797777,9.720842,6.773058,10.57007,7.080079,6.153988,7.800306,8.276588,4.945993,7.892933,4.404465,8.448687,11.11552,6.872291,8.944586,11.43076,4.986469,5.078041,5.148617,7.278593,5.301955,5.038793,5.233253,5.103641,11.43097,8.935732,5.117413,8.368304,4.931805,10.52674,10.20401,10.23257,8.95227,6.877691,8.276917,5.669613,8.2077,9.44086,6.962659,6.970822,4.944792,10.52804,9.685889,7.907001,9.487973,6.333478,5.955099,9.289027,5.554319,5.456977,9.605021,4.25386,10.93546,4.12269,6.970604,5.913395,5.088018,10.77872,5.752664,5.512224,11.51887,4.823946,10.30424,6.763761,5.844117,5.380594,3.019,4.135571,6.837817,control
GSM3507261,7.099893,8.029869,4.387359,6.499444,6.668604,10.03589,5.360209,6.010363,5.24435,5.473756,5.399213,4.928712,5.687101,6.983402,7.3409,7.511794,6.034967,3.509724,8.277845,6.799774,5.362446,7.348971,3.53185,7.005141,7.588062,6.685648,6.660153,6.972246,8.323676,4.977634,2.271574,7.436287,8.49004,4.832705,10.07578,6.566738,5.029892,4.192734,7.618907,4.571021,7.544605,3.279409,6.495412,10.049,5.017324,6.616315,10.44819,4.677485,4.02115,4.462551,6.661079,4.019421,3.257329,4.340944,4.614196,10.97156,7.674453,4.876936,7.284286,3.663069,6.95282,8.314487,9.756516,7.110561,5.828957,5.788952,4.533816,7.112926,8.808124,5.019698,4.233841,5.19355,9.581521,8.443025,7.696577,7.868434,5.382022,4.132408,8.752531,3.94099,4.808192,7.920804,3.196881,9.312365,4.074726,6.457903,5.775822,4.989677,9.469007,5.835931,6.688838,9.780911,4.77466,10.02553,6.675753,4.650045,5.610425,2.971355,3.497988,6.717648,SONFH
GSM3507262,7.231558,5.892376,3.257445,5.256474,5.425634,7.734711,4.026553,6.203434,3.559244,4.239,3.914541,3.867742,4.648804,5.765496,6.142632,5.841602,4.391205,2.636498,7.986837,5.878298,4.652583,6.872732,2.832825,5.328384,7.151614,4.553928,6.243791,6.698895,7.274448,4.182483,2.395681,6.961617,7.82926,3.998991,8.66513,6.310062,5.05651,3.704502,7.412294,3.46384,7.091276,2.824678,5.302362,9.630836,4.578715,6.482925,10.20183,3.631875,3.407596,3.499261,4.481072,4.023734,3.033471,3.962641,3.854476,9.553343,7.160449,3.865306,6.540821,3.690748,6.322119,6.262029,6.724104,6.466915,5.46124,6.065272,4.286054,6.385266,7.016052,5.142409,3.565435,4.162182,9.431115,7.827243,7.656601,8.094494,5.192703,4.196556,6.793388,4.269567,3.12332,7.480725,3.172054,8.957064,2.835421,5.376474,5.437301,4.25332,9.041534,6.243028,5.549546,8.938047,3.751534,8.480108,6.223931,3.773918,3.820066,2.13892,3.49404,5.836786,SONFH
GSM3507263,6.745168,6.357855,3.082059,5.56743,5.853455,7.936018,4.122661,5.629105,3.986739,4.287332,4.061825,4.152143,5.185414,5.444769,5.677398,3.454026,2.629454,3.399229,7.705418,5.616245,3.45192,1.895934,2.716825,5.203594,6.10446,5.517046,6.531103,5.968571,8.152134,3.705979,2.824643,6.748917,7.653168,4.291067,8.127307,5.092534,4.419026,4.573884,6.838343,3.737396,6.471692,2.832097,6.384646,10.04505,5.064581,6.250294,10.52822,3.854002,3.014268,3.764917,5.050008,3.51237,2.687516,3.777289,3.539434,9.255469,7.280756,3.965635,6.427906,3.002632,7.101228,7.893705,6.300946,6.798756,5.625808,6.066273,4.449461,6.398892,8.304969,5.259151,3.713584,3.636684,9.388077,7.93185,6.898285,7.516609,4.76935,4.735702,7.894223,3.707321,3.776464,7.541137,3.283024,8.722626,3.105827,5.57848,5.577349,4.392688,9.54254,6.022537,5.578667,9.600719,3.835629,9.660734,5.754756,4.19321,3.153947,2.572635,3.512831,5.412763,SONFH
GSM3507264,6.483274,7.647568,5.026544,6.39904,6.654564,9.625836,6.666329,7.788359,6.652365,6.727611,6.911032,5.197101,6.22824,7.586383,6.882507,4.700214,3.634228,4.376145,7.90855,7.421181,5.798986,2.022185,3.926202,6.484187,7.847679,7.339499,7.350638,7.538866,8.958973,5.021579,2.656544,8.230638,8.088266,5.110268,9.605961,7.070482,5.5276,5.490027,8.174681,6.082832,7.916132,4.413755,7.759311,11.50926,5.931803,6.837334,11.71827,5.151707,4.045111,6.038521,7.299377,4.206302,3.361495,4.508925,6.021095,10.3921,8.08911,5.084467,6.694809,4.042003,7.22812,8.994488,8.777836,7.348248,6.176053,6.089298,4.810496,7.256656,8.288498,5.812201,5.000793,6.569242,9.518641,9.57062,7.150118,7.763128,5.228065,3.929059,8.430989,5.808706,4.339052,8.827673,4.207547,9.766851,5.600833,6.382129,5.783719,6.197459,9.214429,6.177858,6.061273,9.527493,5.065721,9.46722,7.155335,5.067632,5.967066,2.779165,4.147318,6.996398,SONFH
GSM3507265,6.69022,6.044831,3.234363,5.248614,5.390971,8.213433,3.755726,5.725797,4.083924,3.64654,3.934916,3.00006,5.156443,6.532186,5.821066,5.654072,4.450103,2.911801,7.679257,6.217379,4.14485,6.322971,2.923247,5.900751,6.782932,6.10423,6.181753,6.385235,8.697266,3.938775,2.594068,6.988961,7.804583,3.617311,8.788928,5.813671,5.19231,3.668936,7.298638,4.410234,7.17417,2.168399,6.272629,10.20067,4.817904,5.988004,10.46467,3.867306,3.429505,4.504901,6.015491,4.258123,2.961711,4.42733,4.377813,9.676819,6.722437,4.617184,6.515618,3.576445,6.50489,7.233017,7.594636,6.374416,4.878936,5.718252,3.788887,6.740816,7.097922,4.831078,3.711844,4.328242,9.058765,8.398669,6.832553,7.656853,4.921943,3.62226,7.050749,4.178473,3.659038,7.546893,3.085935,8.826236,3.431273,5.619622,5.255998,4.767316,8.793143,6.524467,5.713415,9.024328,4.011898,8.268637,6.523171,3.631249,4.200514,3.041533,3.487409,6.332925,SONFH
GSM3507266,6.770405,6.192103,4.674887,5.126319,5.295479,8.142019,4.240118,5.878715,4.014596,4.320023,3.773013,3.941891,4.951298,6.109853,5.373294,5.589186,4.293082,3.252101,7.738889,6.499221,4.731379,6.477267,3.644565,5.573771,6.973584,5.543128,6.429173,6.831191,7.499806,4.337595,2.266859,6.942388,7.901959,4.199279,8.261452,6.115742,5.38858,3.626855,7.445819,3.851331,7.156507,2.838864,5.490213,9.481943,4.497025,6.31679,9.830235,3.767206,3.63923,4.151103,5.491874,3.663292,3.457072,4.189718,3.995809,9.203415,6.76153,4.787493,6.603732,3.412809,6.614429,7.518744,7.344338,6.484526,5.166613,5.795228,3.649664,6.669032,7.605189,5.676699,4.394029,4.430918,9.041519,7.662011,7.128141,7.482216,4.99358,3.757572,7.335201,3.991444,3.553413,7.496769,3.240917,8.722363,3.367145,5.620998,5.616828,4.729488,8.711576,6.569837,5.674642,9.015715,4.070448,8.665173,6.749028,3.736283,3.995809,2.862877,3.399132,6.555203,SONFH
GSM3507267,7.08961,9.137469,6.209755,7.843822,8.175428,11.15972,7.058991,7.853909,6.8931,7.038011,7.007771,5.520383,8.500845,8.200353,8.302632,6.276664,4.93802,4.924377,8.634561,7.952275,7.2819,8.561062,5.100673,8.355974,9.283711,7.554334,8.331117,8.730539,10.75004,6.487824,3.823617,9.136403,9.141817,5.470014,10.96422,8.495777,7.503359,7.629137,9.523748,6.186172,9.460415,4.395325,9.357575,12.08802,6.368236,7.886055,12.10254,5.248832,4.822593,6.154395,7.722838,4.915416,4.553008,5.656778,6.29183,11.39962,8.954593,6.049227,7.775255,4.409453,8.592247,10.10315,8.772929,7.724577,7.033145,6.5935,4.656109,7.943203,9.58305,7.462889,5.950778,6.691175,9.64526,10.37505,7.769183,8.360476,5.881058,4.20175,9.363469,5.944217,4.90417,9.290181,4.861972,9.93066,5.773269,5.967175,6.88564,6.67476,10.07135,5.793662,7.445772,10.72429,5.210007,10.53675,7.790185,5.67825,6.401433,4.268528,4.361605,7.407784,SONFH
GSM3507268,6.38178,7.440827,4.361207,5.868097,6.018924,9.547366,5.427076,5.563437,5.285665,5.356351,5.569217,5.096158,6.185628,7.287712,6.684973,5.831266,4.689584,3.475272,7.551477,7.019749,5.38205,1.977812,3.530823,6.574796,7.491152,6.607591,7.046076,6.912841,9.101046,4.432722,2.789428,8.159339,7.970874,5.245091,9.463762,6.834987,5.558421,5.549505,8.109787,5.306379,7.811842,3.257133,7.68838,10.57001,5.705312,6.519705,10.75801,4.430971,3.565039,5.213634,6.751574,4.097118,3.168643,4.672752,5.401955,10.36011,7.511237,4.492987,6.502773,3.733361,7.118255,8.555894,8.296986,6.799577,5.640584,5.960768,4.188519,7.172446,8.036077,6.04863,4.582121,5.453307,9.214408,9.4465,7.171656,7.706694,5.034106,3.851248,7.980396,5.342678,4.621498,8.494159,4.82286,9.453569,4.495169,5.934389,5.729548,5.42877,9.267544,6.273977,6.255201,9.589771,4.594721,8.97706,6.930582,4.680728,5.568663,2.63069,3.541857,6.657516,SONFH
GSM3507269,7.000788,9.44371,4.792474,7.375178,7.546083,11.55481,6.677179,7.893944,6.602256,6.535829,6.725204,4.351716,7.617148,8.369887,7.528806,4.15519,3.463482,5.014758,7.888761,8.223253,6.314605,2.07065,4.731904,7.370718,8.760581,7.861289,7.743449,8.710194,9.625719,6.214377,2.98701,8.991003,8.317544,4.76812,10.28561,7.675254,6.225449,6.314605,8.967167,6.160717,8.647985,4.561256,8.441736,12.25891,6.83489,7.06711,12.39739,5.407345,4.363375,6.120269,8.248598,4.529419,4.187125,6.032223,6.31284,10.96831,8.593663,5.394172,6.966164,4.2881,7.608484,9.262894,10.09633,7.240997,6.550752,5.594145,4.788675,8.083078,8.747643,7.237003,5.174625,6.958321,9.199901,10.30333,7.053482,8.234425,5.583139,3.813012,8.741871,4.887571,4.641267,10.01258,4.167999,10.70337,6.048481,6.752481,5.675064,6.694994,9.357615,6.090568,6.339337,9.738704,5.277806,9.714333,7.872679,5.051064,6.452364,3.161714,4.255348,7.732047,SONFH
GSM3507270,6.898222,6.456463,3.925715,5.616198,5.742698,8.464096,3.80923,5.388734,3.40285,3.884629,3.786714,3.784081,5.402708,6.773802,6.419287,5.193295,3.851331,3.022767,7.974816,6.63453,4.767291,7.218552,3.204014,5.964123,7.265405,4.754526,6.79632,6.245358,8.695517,3.645759,2.430457,7.615553,7.961852,4.235046,8.712925,6.062538,5.381666,4.460759,7.337594,3.857594,7.1883,2.563476,6.902388,9.794494,4.72331,6.666838,10.01401,4.183275,3.282998,4.077692,5.182376,4.096161,3.216022,4.229052,4.148342,9.755923,7.327244,4.19238,6.600952,3.210887,7.219604,7.900875,8.285651,6.729003,5.554322,6.152348,4.223294,6.554506,7.678808,5.232732,4.253321,4.399567,9.256995,8.482037,6.956226,7.993456,4.703845,3.897652,7.750361,4.001931,3.766884,7.555825,3.693338,8.60985,3.481019,5.641749,5.416319,4.753042,9.211655,6.369795,5.5753,9.23342,4.183275,8.7013,6.591453,4.176432,4.243035,2.288234,3.272425,6.52739,SONFH
GSM3507271,6.671463,5.301753,2.821044,4.838767,5.068662,7.156078,4.232573,5.44471,3.963821,4.40204,3.683013,4.258347,4.47209,5.570061,5.030946,4.497303,3.489177,3.131678,7.469398,6.212667,3.654702,7.308282,2.93854,5.228302,6.555672,5.016153,6.101951,5.75909,7.784389,3.760947,2.654739,6.859739,6.911497,4.584973,8.202787,5.577908,4.412959,3.821878,6.501916,3.355014,6.729552,2.795707,5.817508,9.657129,4.611142,6.256821,10.07389,3.944598,2.94054,3.388997,5.139079,4.291002,2.819061,4.21344,4.051919,8.93672,6.938108,4.694306,5.920633,3.983382,7.051441,5.978632,6.538072,6.397884,5.344381,6.029034,4.439455,6.556496,7.265758,4.273282,4.03641,4.072957,8.777943,7.344651,6.930413,7.437702,5.028982,3.906263,7.111478,4.160808,3.453895,7.170287,2.960299,8.517242,3.593318,5.657017,4.740537,4.234953,9.206068,6.70319,5.49177,9.697365,3.879519,8.381459,6.177919,3.727106,4.149945,2.09457,3.098187,5.536302,SONFH
GSM3507272,7.253507,6.899008,3.95043,6.150851,6.2452,9.3104,4.516967,5.476294,4.308332,4.693245,4.437718,4.242649,5.989056,6.91692,6.195824,6.934491,5.729138,3.395152,8.1288,6.655234,4.895868,6.790083,3.479913,6.083708,7.581242,5.534777,6.663391,7.459617,8.702602,5.144231,2.746173,7.537107,8.361156,4.298989,9.070396,6.660827,5.354078,5.162703,7.642763,4.478549,7.520038,3.377155,7.146649,10.31515,4.84944,6.683976,10.51711,4.662112,3.294722,4.040947,5.77958,4.163648,3.080651,4.362762,4.497022,10.04448,7.288918,4.545519,6.936689,3.598873,6.724878,8.341972,8.55699,6.918803,5.580379,5.859728,4.40209,6.976209,8.012141,6.044166,4.608177,4.0664,9.300608,8.219324,7.386485,7.584975,4.676478,3.678296,7.986685,4.211801,3.989251,8.01102,3.539013,8.934809,3.018955,5.914338,5.564387,4.724625,9.273785,6.316238,6.091065,9.12152,4.529329,9.079472,6.761786,4.436538,5.098299,2.444111,3.527794,6.542601,SONFH
GSM3507273,6.46782,4.152866,2.559262,4.742831,4.83417,6.184172,2.925758,5.552033,3.010317,3.053781,3.24222,3.755306,4.300869,5.558336,4.855398,4.188431,3.204396,3.026092,7.546344,5.819553,3.517394,7.247553,3.072461,4.831132,5.774313,3.755228,5.672402,5.235222,6.912509,3.315599,2.308523,6.141274,7.528316,3.989469,6.910331,4.931798,4.777865,3.15204,6.393947,3.402651,6.122465,2.764846,5.503726,8.446341,3.963623,6.265675,8.739689,3.670109,3.198229,3.191531,4.246139,3.598631,2.683244,4.148651,4.047976,7.913461,6.640056,3.782223,6.299728,3.252464,6.302489,5.782531,4.686131,6.707986,5.065058,5.29575,3.890435,6.475679,6.897778,4.608815,3.5956,3.21107,9.048298,7.191471,6.580748,7.63829,4.723557,3.349485,7.027528,3.902708,3.034618,7.063629,3.21107,8.606713,2.562407,5.366098,4.614843,4.008227,8.616445,6.161215,5.109179,9.312568,3.997064,8.005426,6.061973,3.639162,3.535166,2.608143,3.526427,6.037952,SONFH
GSM3507274,6.968468,6.496937,3.742804,5.532683,5.706487,8.551279,3.102006,5.332963,2.767645,3.143678,3.013258,4.357645,5.295994,5.409657,6.047169,4.317563,3.357098,3.346473,7.920651,5.515204,4.579668,6.839543,3.161209,5.136431,6.792515,5.223468,6.444976,6.430871,8.018421,3.960451,1.974037,7.143706,7.821498,4.338246,8.396905,5.607707,4.651412,3.946296,6.785876,3.537982,6.789797,2.6265,6.04647,9.584087,4.778452,6.322739,9.988773,4.004106,3.347288,3.761288,5.170318,3.780663,3.06476,4.401935,3.760232,9.384713,7.072891,4.146002,6.532462,3.402453,7.183004,7.270885,7.038401,6.757987,5.484642,6.225322,4.346768,6.728236,7.113355,4.586879,4.136794,3.204577,9.035435,7.963388,6.744024,7.411797,5.034617,4.067953,7.284629,3.762812,3.371227,7.239789,3.057498,8.709826,2.731245,5.591489,5.096307,3.881344,9.084515,6.44034,5.278515,9.609554,4.172988,8.393703,6.087841,3.730939,4.511564,2.672911,3.582432,5.679752,SONFH
GSM3507275,6.948892,4.570847,3.073778,5.338823,5.550494,6.603584,2.965102,5.05196,3.610398,3.518832,3.339901,3.610398,4.300148,6.071345,4.610701,4.329324,3.264879,2.917132,7.913,5.972662,3.919001,6.133822,3.008795,4.827868,6.294672,5.096449,6.355433,5.41304,7.255264,3.65721,2.195008,7.038528,8.083108,3.936953,7.300732,5.593753,4.623293,4.06544,6.727419,3.569896,6.474762,2.307642,5.771546,9.952936,4.798044,6.402718,10.18021,3.860588,2.811163,3.959326,4.785198,3.431351,2.523713,3.933386,3.914464,8.38487,6.987741,4.104525,6.6385,3.126301,6.607511,6.626585,6.700698,6.830456,5.156554,5.506235,3.981748,6.335746,7.523205,5.231777,3.742808,3.90451,8.780544,8.096391,6.888882,8.457475,4.386145,3.879283,7.427766,3.940983,3.081068,7.482767,3.748323,8.783916,3.405998,5.350813,4.3623,3.802058,9.031585,6.155024,5.405838,9.161128,4.199463,8.546038,6.281129,4.094673,3.344147,2.433944,3.128495,6.008708,SONFH
GSM3507276,6.491048,6.960538,4.058296,5.477331,5.939815,9.265087,4.471865,6.222085,4.400035,4.56917,4.446713,4.70312,5.394965,7.153365,6.365538,5.164362,4.194556,3.562482,7.597009,6.743546,4.990397,1.784517,3.327925,6.174825,7.165879,5.68353,7.027824,6.60738,8.182369,4.213681,2.733624,7.754186,8.064208,4.932409,9.091973,6.390875,5.51722,4.226755,7.647061,4.669847,7.552023,3.185671,6.893847,10.46688,5.049681,6.694462,10.49583,4.464268,3.455617,4.990398,6.012381,3.93124,3.342689,4.432614,4.9198,9.944806,7.559801,4.765626,6.713054,3.624565,6.974148,7.808486,7.911192,7.051393,5.477578,5.907138,4.034003,7.174129,7.842846,5.963995,4.297581,5.219531,9.30517,8.815191,7.13682,7.536479,5.061543,3.774719,7.999129,4.457359,4.236717,8.069239,4.026885,8.998783,3.792269,6.149482,5.414707,4.922616,9.218361,5.958004,5.458476,9.310822,4.531076,8.935375,6.628918,4.582853,5.507665,2.526602,3.290595,6.573023,SONFH
GSM3507277,7.145371,6.345305,3.5304,4.716209,5.082499,8.554638,4.107971,5.423254,3.281736,3.614296,3.740331,4.273351,5.231647,6.391724,5.724529,4.624891,3.566478,3.42391,7.67784,6.287416,4.095666,1.989804,3.39474,4.910707,6.59126,5.600205,5.757517,5.046905,7.414392,2.852599,2.537245,6.174826,7.814914,4.331591,7.462667,5.674395,4.790318,4.124697,7.273733,3.978375,6.829287,3.040433,5.955431,8.782907,4.580241,6.278877,8.897326,3.798147,3.205007,4.144532,5.077928,4.246664,3.240797,4.080474,4.182867,8.568962,6.752137,4.247816,6.552822,3.71825,6.315397,8.111986,7.604103,6.542106,4.805278,5.950738,4.395088,6.607995,7.977516,4.387247,4.265084,3.933858,9.013119,7.598738,6.44435,7.67116,4.813665,3.602817,7.793752,3.897214,3.175046,7.615685,2.832715,9.065889,3.061165,5.524337,4.914893,4.292656,8.795056,6.571863,5.612035,8.77617,4.113383,9.190088,6.38443,3.687729,5.425754,2.662716,3.078575,6.212906,SONFH
GSM3507278,6.624227,5.658277,3.336871,5.027017,5.153518,7.886028,3.85202,4.900318,3.647807,3.809206,3.923918,4.018152,4.81335,5.79013,5.524752,4.605001,3.671484,2.902276,7.602105,5.81347,4.258244,1.918864,3.02649,4.865082,6.49107,4.546745,6.172147,5.823688,7.340961,3.701809,2.430401,6.937925,7.769364,3.756613,7.689041,5.337181,4.862813,3.387009,6.485283,4.040082,6.467524,2.650435,5.668515,9.476717,4.372185,6.444533,9.833584,3.661518,3.097924,4.431397,5.204861,3.833816,2.787977,3.844455,4.26777,8.907206,7.191383,4.207051,6.525167,3.550088,6.59495,7.568992,8.438145,6.853053,5.314512,5.957006,4.118686,6.597328,7.128854,5.056596,4.152316,3.955306,9.354612,8.058284,6.81403,8.111587,5.062961,3.947001,7.161067,3.868211,3.506252,6.999716,3.444667,8.344352,3.286194,5.063584,4.785225,4.418894,9.042021,6.298502,5.524102,9.134028,3.849463,8.33132,5.927165,3.765986,4.530282,2.394407,3.401601,5.842232,SONFH
GSM3507279,6.748333,6.230299,3.363454,5.92215,6.04865,8.147943,3.489764,5.67063,3.400201,3.193251,3.223841,4.122779,5.169234,6.679649,6.257792,3.671837,3.080091,3.399924,7.605025,5.904787,4.87969,1.702125,3.503551,5.495225,6.592198,5.527439,6.118311,6.742066,7.760335,4.126649,2.341109,6.917714,7.746952,4.306304,8.80877,5.610835,4.957397,4.320364,7.031237,3.930413,6.66732,3.028523,6.291786,10.42273,5.351242,6.437242,10.71478,4.086593,3.446726,4.025765,5.552985,4.082909,3.240521,4.407391,3.967831,9.786613,7.313852,4.293061,6.395905,3.778838,6.89851,7.550098,7.789845,6.808015,5.336843,5.636015,4.303916,6.811775,7.503598,5.088427,3.998596,4.652602,8.653014,9.029938,7.082709,7.834045,4.913689,3.819417,7.568368,4.519261,3.386292,7.657022,3.117275,8.917953,3.697908,5.734296,4.599977,4.659552,9.073535,6.316838,5.369424,9.322155,4.235972,8.711763,6.189318,3.816688,4.354802,2.589404,3.525298,6.283644,SONFH
GSM3507280,6.890675,6.866009,3.411042,6.080238,6.33137,8.943629,3.139657,6.797238,3.581956,3.617446,3.378216,4.253321,6.054969,6.06615,6.28026,5.747341,4.391435,3.370419,7.939568,5.959519,4.803596,6.830643,3.434302,6.322495,7.015173,6.314004,6.955084,6.284457,8.626495,4.02397,2.449169,7.558309,8.051453,4.582406,9.189683,6.049852,5.170506,4.914814,7.551071,3.982285,7.145368,2.911128,6.76781,10.46008,5.336146,6.788842,10.74811,3.929962,3.017723,4.1436,6.514118,3.727551,2.96257,4.293758,3.815456,10.14357,7.396172,4.253321,6.745708,3.312196,7.02179,8.457012,7.146573,7.016526,5.617781,6.193174,4.510505,6.649966,7.810738,5.580114,4.686812,3.841945,8.977494,8.366544,7.165424,7.350899,5.048944,4.17344,7.64052,4.225399,3.17205,7.574314,2.974295,8.630248,2.948992,5.480533,5.304803,4.48447,9.301883,6.300928,5.337564,9.719635,4.086111,9.023949,6.32717,4.253321,4.625617,2.507184,3.701867,6.098329,SONFH
GSM3507281,6.616931,6.540123,4.513814,5.19217,5.350638,8.874056,3.852072,5.554918,3.985134,3.807296,4.527597,3.484402,5.111201,6.017539,6.315964,4.46696,3.342111,3.369162,7.664696,5.864393,4.020287,2.070648,3.288141,5.337018,6.888073,4.96952,5.720305,6.089514,8.120125,3.892977,2.411228,6.469869,7.998034,3.7863,8.203978,5.891819,4.768584,4.515985,7.26345,4.613138,7.081481,2.629713,6.371047,8.923876,4.013102,6.651104,9.068115,3.931457,3.183781,4.313287,5.168467,3.804345,3.102261,4.175309,4.368705,9.362648,6.901483,4.452913,6.732965,3.421411,6.454331,7.475511,6.990975,6.925195,5.089015,5.657194,4.427542,6.229279,7.647242,5.088181,3.876408,4.293196,9.643902,7.484087,7.274586,8.09746,4.557678,3.707727,7.332584,3.830452,3.324592,7.341396,3.324592,8.631214,3.50926,4.94713,5.028231,4.560327,8.814497,6.231297,5.434366,8.852904,4.040065,8.941359,6.300109,3.503087,3.667765,2.398859,3.195714,5.998824,SONFH
GSM3507282,6.547741,7.065508,3.895239,5.721687,5.951484,9.192338,4.397248,6.045924,4.625573,3.857323,4.747499,4.635768,5.394152,6.974771,6.036865,5.441368,4.174288,3.74971,7.651781,6.505732,4.220836,1.710112,3.137471,5.708497,7.04226,5.487684,6.782055,6.630012,8.250664,3.92638,2.587671,7.573271,7.897597,4.693806,8.509572,5.853504,5.102699,4.507343,7.315697,4.53791,6.972324,3.330983,6.577296,10.11455,4.889334,6.639564,10.48673,4.234454,3.594574,4.281984,5.808995,3.487959,3.25692,3.849151,4.772542,9.451748,7.265363,4.554625,6.469327,3.300123,6.902657,7.405936,7.449553,7.253091,5.643186,5.923911,4.520686,6.49247,7.527601,5.527509,4.324171,4.351373,9.025109,8.588601,7.15788,8.102803,4.63438,3.927296,7.647748,4.542901,3.893423,7.530806,3.807338,8.801384,3.50246,5.314528,5.307911,4.648279,9.187263,6.154831,5.537881,9.380613,4.216082,8.611074,6.494697,4.651462,5.206049,2.687671,3.276389,6.361383,SONFH
GSM3507283,6.951798,6.808247,3.520629,5.707522,5.876096,8.950917,4.429269,6.265471,4.439675,4.60832,4.762809,3.883133,5.731286,6.591382,5.74302,3.821526,3.223184,3.489721,7.689877,6.622631,4.126191,2.179529,3.224248,5.25048,7.119857,5.344581,6.28185,6.574541,7.696759,4.341509,2.478402,6.940882,7.796507,4.108922,8.009077,6.321568,5.126984,4.064013,7.469562,4.422647,7.280547,3.047583,5.878317,10.01462,4.576818,6.357969,10.4342,4.08909,3.109078,4.446715,5.173782,4.735357,3.033031,4.485257,4.327404,8.91006,7.022964,4.406736,6.426492,4.292396,7.263013,7.281087,6.510966,6.644144,5.158148,6.267113,4.664718,6.598503,7.376732,4.608067,4.550145,4.603004,9.004599,8.253588,7.085824,7.838542,5.569379,3.845381,7.278055,3.725566,3.459707,7.59461,3.17604,9.000291,3.77579,5.68015,4.585556,4.733098,9.108592,6.451752,5.33077,9.905036,4.173953,8.535936,6.644143,3.952113,4.679257,2.649114,3.677877,6.294755,SONFH
GSM3507284,7.067772,6.553893,4.026604,5.727777,5.742698,8.824343,4.055501,6.059195,3.968398,4.140141,4.105603,4.359681,6.096946,7.46185,6.797999,6.233052,4.924174,3.797955,7.89125,6.972959,5.459304,2.045525,3.362777,5.641809,7.285664,5.652377,6.856833,6.972784,8.043908,3.915591,2.298662,7.612166,7.885296,4.377028,8.446469,6.486156,5.23889,4.25156,7.665989,3.832811,7.330825,3.338664,6.307533,10.43255,4.750635,6.486989,10.75826,4.305495,3.410108,3.839106,5.523571,4.30547,3.394572,4.291267,4.342095,9.325856,7.210109,4.785942,6.618941,3.934214,6.783811,7.95998,7.624735,6.660737,5.273617,5.987928,4.722621,6.414811,7.25309,5.701375,4.162919,4.4142,9.205286,8.919185,7.243121,7.141973,4.95916,4.015304,7.447921,4.603224,4.2982,7.914803,3.46148,9.10817,3.396453,5.343344,5.480404,4.631298,8.861847,6.276237,5.719687,8.954122,4.297664,8.324738,6.942601,4.376895,5.194626,3.115096,3.341926,6.850235,SONFH
GSM3507285,6.615889,7.097771,3.985791,5.857344,5.969129,9.176745,3.077763,4.996724,3.45223,3.366441,3.465465,4.081248,4.407031,6.196296,5.475699,5.146425,3.720728,2.970061,7.12491,6.171326,4.072704,1.964639,3.839411,5.639433,6.541119,5.51922,6.414884,5.809913,7.085709,3.434508,2.399934,6.848395,7.455119,4.259914,8.257353,5.726033,4.632123,3.088297,6.995868,3.9726,6.682262,3.016807,5.78405,10.45752,5.066713,6.483362,10.96343,4.370018,3.638686,4.01412,5.159449,4.131158,3.169238,4.131406,3.913893,9.626581,7.109454,4.316087,6.231077,3.573317,7.553051,6.182378,7.638464,7.076227,5.278267,6.452776,5.261656,6.424312,6.972347,5.153374,4.208113,4.194556,9.848693,8.809792,6.712625,7.998357,5.249557,4.28716,7.365354,3.796167,3.593464,7.086131,3.099615,8.338032,3.165799,5.70365,4.756647,3.956218,9.234442,6.410071,5.291645,9.339289,4.153481,8.295631,6.050975,3.657036,3.951584,2.2438,3.523283,5.97438,SONFH
GSM3507286,7.001291,7.158306,4.402712,6.936872,7.158306,9.205025,3.85202,6.460445,4.352162,4.18863,4.377775,3.947022,6.25743,6.972721,6.711511,5.287119,4.266978,3.812236,8.045531,6.30535,5.141735,7.321263,3.56273,6.328788,8.199724,6.011116,7.044266,7.877003,8.716202,5.341598,2.376284,7.737912,8.346677,4.668232,9.38648,7.498852,5.180133,4.908184,8.537325,4.204473,8.342616,3.438988,7.02925,11.13548,5.014476,7.024973,11.48768,4.139173,4.098908,4.034685,6.033881,3.71809,3.361388,4.570354,4.506388,10.35173,7.844945,4.844295,6.889867,3.159144,7.750576,8.53601,8.525738,7.692191,5.888935,5.992702,4.828517,6.730274,7.975481,4.855623,4.388962,4.596647,9.02368,9.164946,7.095581,8.034163,5.048082,3.774364,7.896251,4.5734,3.94639,7.876486,3.82031,9.055246,3.578842,5.702008,4.608068,5.038754,9.451284,5.978419,5.689295,9.977268,4.242143,9.079155,6.636477,4.421862,4.891024,2.711262,3.952845,6.447851,SONFH
GSM3507287,6.987307,4.36996,2.275557,5.289939,5.368217,6.112896,2.200666,4.471683,2.570975,2.734373,2.177749,3.562318,4.214427,4.710593,4.26509,2.880813,3.178089,2.908394,7.251685,5.566396,3.51472,1.966878,2.846993,4.846774,5.104703,4.947149,5.957849,5.597427,7.318949,3.149186,2.162846,6.200106,6.934464,3.707067,8.211864,4.676991,3.872881,3.099435,5.965093,3.01344,5.53676,2.376323,4.985676,5.954187,4.358627,6.459586,6.249378,3.245676,2.673767,2.792393,4.608193,4.220371,2.531859,4.311928,3.188507,9.234942,6.381038,3.62855,5.82809,3.910272,7.152774,5.287649,5.852207,7.022358,4.969728,6.210512,4.541277,6.5439,7.442626,4.725712,3.838902,2.81731,9.532143,4.710471,7.257562,7.772787,5.382301,4.353748,7.339739,3.41297,3.275097,6.580819,3.20808,8.331266,2.278702,5.245767,4.807492,3.161264,9.482734,6.101607,5.10047,9.730105,3.21107,8.68305,5.566166,3.899338,2.621022,2.255185,3.106736,5.395611,SONFH
GSM3507288,6.57357,7.675887,3.444114,5.915339,6.107604,9.580579,3.489177,5.310865,4.335145,3.730539,4.279156,4.257176,5.39886,6.75707,6.097696,3.123618,2.449622,3.132211,7.566298,6.335747,4.922527,1.981822,3.256579,5.937074,7.780091,6.269619,6.822477,6.759921,8.123962,4.146059,2.287337,7.538667,7.668612,4.289078,8.952868,6.99957,5.315886,4.703149,8.181221,4.15166,7.770802,3.406084,6.445396,10.52617,4.976168,6.597571,10.76889,4.115616,3.219301,4.235908,6.50542,4.204945,3.051601,4.016006,4.009066,10.00245,7.545308,4.573136,6.318677,3.889406,7.046006,7.716718,7.418242,7.248241,5.61063,5.978042,3.885224,6.35596,7.9291,4.590471,4.246078,4.227295,9.048363,8.280446,6.832128,7.96354,5.324714,3.873008,7.781403,4.264318,3.331297,7.746659,3.774301,8.856338,3.473897,5.290365,4.595847,4.379085,9.257335,5.989863,5.358739,9.867711,4.133229,8.944551,6.54252,3.865909,4.796231,2.419433,3.681629,6.260604,SONFH
GSM3507289,6.808963,4.295212,2.771017,4.202876,4.25801,6.320032,2.745396,4.750866,2.467819,2.732993,2.751467,3.071171,4.018017,5.208559,4.307806,3.740793,3.039655,2.806514,7.279654,5.090228,4.010991,1.553927,2.784703,4.492543,5.434788,3.577871,5.715623,4.425797,7.083053,2.400103,2.54469,5.64831,7.207874,3.571673,6.749258,4.679063,4.195746,3.582142,6.07658,3.123992,5.941665,2.352494,5.240688,7.500126,4.120676,6.119083,7.526284,3.494107,2.742607,3.221084,3.695545,3.264906,2.46957,4.090373,3.464473,8.100471,6.804916,3.886311,6.106836,2.981179,6.630245,5.567346,6.319193,6.556128,4.972619,6.331813,4.286482,6.258892,7.023194,5.252659,3.440214,3.22807,9.333893,6.291503,7.219616,7.448299,4.458796,4.335757,6.741886,3.218281,3.396422,6.396073,2.979123,8.177643,2.721918,4.988127,5.171601,4.135596,8.952028,6.295089,5.245008,9.199666,3.511128,8.209413,5.477201,3.881283,2.844501,2.226396,3.134083,5.378855,SONFH
GSM3507290,7.534061,6.799548,4.370438,6.527347,6.458095,9.223511,4.582941,7.339511,4.368131,4.904764,4.501051,4.473345,6.428609,7.791626,6.589221,6.042889,4.776959,3.724193,8.859597,6.728426,4.981754,2.004308,3.621176,5.798597,7.991644,6.590305,6.983721,6.80025,7.83715,4.161176,2.379801,8.035418,9.230273,4.47004,8.921322,7.291437,5.491191,4.0235,8.531721,3.579793,8.143235,3.48144,6.068933,11.05136,4.902402,6.587056,11.21272,4.204382,3.645515,4.470393,6.695682,4.220367,3.320332,4.450017,4.289851,9.823279,7.342761,4.650485,7.760852,3.849111,6.797102,8.80049,9.20792,6.927341,5.743814,5.649732,4.426201,7.079533,7.543859,5.87209,4.642376,4.17467,9.554061,9.454481,7.461917,7.5115,5.173041,3.696938,7.617995,4.778483,4.02707,8.288409,3.551079,9.426714,2.947759,5.710696,5.373785,4.755841,9.052432,5.991033,6.143995,8.929908,4.472556,8.386076,6.891121,4.245462,5.336444,3.083737,4.035207,6.917288,SONFH
