sample,11725813_at,11720493_s_at,11720739_s_at,11756361_x_at,11720866_a_at,11754831_a_at,11743865_s_at,11754832_a_at,11757379_a_at,11718185_a_at,11759144_at,11734995_x_at,11757243_s_at,11752266_a_at,11722270_at,11753961_a_at,11717762_a_at,11724678_a_at,11754946_a_at,11736575_x_at,11751544_a_at,11717836_a_at,11719307_a_at,11725180_a_at,11747203_x_at,11754197_x_at,11732135_a_at,11756077_a_at,11729215_x_at,11715676_s_at,11749027_x_at,11753127_a_at,11715524_a_at,11725789_at,11716612_a_at,11729593_at,11757300_s_at,11763217_x_at,11724357_a_at,200021_PM_at,11722900_s_at,11733611_a_at,11741278_a_at,11720600_a_at,11749275_a_at,11719308_a_at,11727740_a_at,11730788_a_at,11746459_a_at,11731521_at,11745779_a_at,11715926_s_at,11741660_a_at,11721513_a_at,11721703_s_at,11755153_a_at,11722387_at,11731874_x_at,11758105_s_at,11727913_a_at,11725461_s_at,11745421_a_at,11720644_a_at,11741275_a_at,11754863_s_at,11718568_a_at,11723179_a_at,11728838_a_at,11736333_at,11719798_s_at,11728858_at,11727172_at,11750028_a_at,11722258_at,11724645_at,11726704_x_at,11722752_a_at,11724493_s_at,11722225_a_at,11732823_s_at,11717837_x_at,11723691_at,11758669_s_at,11755086_x_at,11728555_s_at,11744896_a_at,11724005_s_at,11716765_s_at,11722107_at,11731425_at,11720345_a_at,11719367_a_at,11759416_x_at,11757477_s_at,11722834_x_at,11752689_a_at,11716449_a_at,11720998_a_at,11732131_x_at,11725073_s_at,class
GSM3507251,6.684678,8.448059,7.425634,6.385234,6.713617,5.903864,7.038458,6.432875,8.038507,5.068588,7.877551,8.383862,7.402081,7.534564,9.010933,5.902145,8.328203,8.096647,6.242108,4.59707,7.027248,8.679629,5.980227,6.938063,6.971961,5.395819,6.570759,7.597762,5.965765,7.749159,6.630531,4.465909,9.721721,7.692105,6.8728,6.751343,9.944921,5.74715,6.133927,12.03285,7.282881,7.834176,6.230694,9.010415,5.74694,4.62527,6.875051,9.357658,4.969224,6.194852,4.389281,7.082997,9.341059,8.488585,5.911283,7.445322,8.514828,5.070029,8.258403,7.559191,6.902261,7.343896,8.703009,3.501578,7.169374,6.487836,7.65064,5.198853,6.417426,7.86143,6.246561,3.592077,7.914507,3.510134,6.759662,7.962328,7.165733,7.432708,7.636043,4.365372,8.991508,9.092772,7.424284,7.660013,4.440311,7.50401,9.256689,8.562588,6.526118,9.289389,9.427167,8.009455,3.841313,10.6431,7.100967,5.092332,6.922375,8.031743,8.86982,7.245323,control
GSM3507252,6.760154,8.417543,7.732307,6.001682,6.182224,5.803768,6.627169,5.901106,8.080787,4.87887,8.434595,7.360094,7.168124,7.886619,8.594865,6.222997,8.03697,7.276333,6.166924,4.047034,6.895042,9.332471,6.006717,6.729413,6.857371,5.218613,6.653621,7.48076,4.779966,7.891297,5.753167,5.08499,9.7306,6.738652,6.585573,6.427805,8.593598,5.525094,5.735761,11.62258,7.460593,7.264286,5.773355,8.615611,6.394867,5.048849,6.945261,9.318221,5.01795,5.99324,3.928231,8.056899,8.875204,8.342548,5.469723,7.006181,7.947226,4.682413,7.845498,7.741757,6.481671,6.253442,7.93484,4.107169,6.847307,6.679976,6.977393,6.078233,5.805949,6.90804,6.006193,4.107013,7.31902,2.66168,6.110476,6.749574,6.350645,7.249872,7.637872,4.238233,8.859754,8.319844,6.555287,7.269614,4.986649,7.397633,9.340878,9.129134,7.016543,10.71979,9.200994,7.237992,4.484108,9.936719,6.523702,5.444837,7.095459,8.813466,8.76062,7.404391,control
GSM3507253,6.780731,8.875138,7.719867,5.713544,6.010557,6.021646,6.624975,6.044977,8.09972,4.958467,7.931003,7.323737,6.945117,8.093919,8.834681,6.600652,7.796029,6.932156,6.282169,3.388205,7.164724,9.489668,5.356194,6.443607,7.046392,5.427796,6.196196,7.251198,5.65192,7.554476,6.507714,5.006436,9.963057,7.152361,6.175612,6.506128,9.436134,5.606711,5.984781,11.77836,7.865733,7.243803,6.061539,8.708925,6.9895,4.999219,7.657061,9.465409,5.546174,6.297351,4.198867,7.320451,9.603191,8.823877,5.278175,7.270857,8.166746,4.934698,8.253178,7.649861,6.569599,7.255363,8.175456,4.120108,7.186956,6.80761,7.145116,5.635913,5.514328,7.31249,6.932022,4.307661,7.27982,3.369578,6.504236,7.171377,6.503136,7.473462,8.086374,4.220568,9.064841,8.431686,7.008841,7.186559,4.580485,7.813428,9.598798,9.121082,6.62586,10.80469,9.114256,7.720043,3.952383,10.26822,6.662529,5.517177,6.880886,8.783041,9.264255,7.375899,control
GSM3507254,6.236564,8.585331,7.636132,6.006392,6.198723,5.484623,5.860363,5.612015,7.856642,4.489721,8.188369,7.285623,6.531791,8.069515,8.756201,6.109132,7.552326,6.963392,6.163297,4.320416,6.977062,9.047313,5.480963,6.093809,6.92183,5.134164,6.331765,7.091646,5.393027,7.404459,5.674736,4.895636,9.782719,6.397068,6.244981,6.473533,8.736418,5.639466,6.103753,11.69792,7.945707,7.728086,5.651866,8.398829,7.500813,4.828924,7.093836,8.886039,4.940318,6.171066,4.085794,7.340323,9.22065,8.552614,6.049318,6.85576,8.253588,4.902249,7.867318,8.235981,6.231999,6.75311,7.603157,3.894049,6.630012,7.371121,6.532412,5.662856,5.534372,6.389393,6.91985,3.514476,6.627808,2.15223,6.33902,6.992354,6.432578,7.587177,7.648897,4.311179,8.689984,7.789688,6.288722,7.031284,4.77176,7.683623,9.504419,8.617569,6.011136,10.70905,8.946598,7.813288,4.374001,10.09394,6.514878,5.092944,6.911,8.803954,8.458283,6.982642,control
GSM3507255,6.397424,8.203747,8.26687,6.402535,6.522259,5.351885,6.952391,5.983565,8.085351,4.954717,8.163488,7.694398,6.958297,7.895767,8.475085,5.527383,8.044252,7.608608,6.125444,3.761542,6.61731,9.260464,6.388012,6.118472,6.795727,5.158254,6.636726,7.356844,4.935641,7.156172,5.46349,4.80877,9.641665,6.139726,6.645698,6.642867,8.545269,5.293188,6.049133,11.28551,6.819951,7.121865,5.737829,8.183567,6.556252,5.207165,6.645926,9.006795,4.276476,5.774637,4.188491,7.673384,9.044838,7.972628,5.106066,6.660653,7.563685,4.449225,7.885262,7.351375,5.990579,6.687786,7.548885,3.998066,7.066034,6.037693,6.746168,4.429892,6.191311,6.872499,5.87363,3.80188,7.222192,2.798173,5.948413,6.898729,7.051777,7.273938,6.93535,4.052473,8.829947,8.484538,6.776643,7.390705,4.441294,7.145936,8.895163,8.631206,5.822637,10.15095,8.92589,7.15713,4.289158,9.728364,6.593698,4.999656,6.895702,8.313675,8.753941,7.435986,control
GSM3507256,6.092358,7.620011,7.891709,6.311311,7.070669,6.112819,6.971162,5.903995,7.736377,5.026825,7.792914,7.455615,7.158302,7.087836,8.369453,5.953526,4.70409,7.902212,7.241376,4.311369,5.750522,6.413802,4.873573,5.484624,6.755491,5.003745,6.482732,6.897482,5.869632,6.984079,6.333506,4.63588,8.552604,6.479431,6.845113,6.793685,9.735702,5.360171,5.993682,12.05839,6.265706,7.541775,6.034608,8.781081,6.537916,4.854798,5.534506,8.153031,5.419184,6.572811,4.104793,7.485476,8.595145,8.179205,5.247819,6.546675,7.702156,4.634852,7.858364,7.596815,6.308608,7.191699,6.533226,3.545124,6.338869,6.469933,7.22929,4.025041,5.932857,7.5456,6.03144,4.444792,7.083848,2.421506,6.05807,7.216881,7.552937,7.521497,6.709004,4.098946,6.716037,5.848444,6.258934,7.431076,4.180219,6.438372,8.305037,9.211644,6.610955,8.7788,8.917891,6.558613,4.264627,9.769896,6.415944,4.22028,7.548087,7.609573,8.444994,7.787452,control
GSM3507257,6.209705,7.843433,7.621282,5.558179,5.747859,5.025411,5.551698,5.816935,7.320251,4.65799,7.621283,7.284226,6.271856,7.470261,7.734631,5.242254,5.675191,5.29641,6.000797,3.443343,5.243651,7.581954,4.569505,6.233043,6.23807,4.597013,6.413609,7.160861,4.376443,7.066978,5.790702,4.580476,8.262513,5.602448,6.132642,6.622709,7.980481,5.430359,4.504169,10.78731,5.852228,6.254058,4.872169,8.386414,4.969681,3.875805,5.453625,7.959852,4.190704,5.522943,3.967776,6.960831,8.100906,8.136348,5.703725,6.251869,6.85543,4.176761,7.486703,6.963663,6.180191,5.858296,6.976356,4.069505,6.413543,5.637606,5.655151,3.676045,5.580693,6.252712,4.467522,2.863503,6.875595,2.545716,5.620345,6.414603,6.296365,7.007932,6.386901,4.114514,7.10228,6.158573,5.001157,6.440785,4.635572,6.519095,8.582303,7.567106,5.334156,8.838663,8.802681,5.964905,3.686577,9.486425,6.190096,3.966774,7.02246,7.620761,7.895268,6.710508,control
GSM3507258,7.532205,9.497424,8.582276,6.539255,7.201943,6.900748,7.312038,6.436627,8.885864,5.000751,8.776086,7.849552,8.084246,8.474474,9.845509,7.806809,8.699539,7.805443,6.374993,6.065318,9.148046,9.309723,7.294032,7.56102,7.118199,5.36908,7.088603,8.588045,6.233006,8.143915,7.406799,6.121235,11.17694,7.361251,7.009446,6.544243,10.0536,5.761569,6.836931,12.32965,8.713572,8.78554,6.901049,9.232815,8.038952,5.90438,8.376318,10.36812,5.839432,6.676442,4.496119,8.007261,10.03676,9.312739,6.996025,7.652267,9.054188,5.147532,9.038042,8.935156,7.150479,8.345915,8.994127,3.614186,7.163487,7.884649,7.58541,7.137964,6.454889,7.556641,7.847138,4.259893,7.862425,4.183897,7.382207,7.618821,7.615705,7.500866,8.419294,4.673198,8.968246,9.540822,7.752306,8.55165,4.43373,8.098982,10.62204,9.41023,7.306224,12.23379,9.951954,8.885146,4.507558,11.42755,7.132416,6.070593,7.24378,9.250501,9.406419,7.70811,control
GSM3507259,6.744739,8.280551,8.181499,6.138345,6.718554,5.867233,7.030713,6.079148,7.889194,4.897824,8.381848,7.382915,6.797153,7.754612,8.639474,5.950368,8.417314,7.761696,5.708229,4.426464,7.694852,9.501685,6.340768,6.992881,6.62314,5.045656,6.557907,7.261622,5.257501,7.310737,6.212725,5.434314,10.0116,6.667066,6.545149,6.812186,9.213942,5.460257,6.018924,11.70489,7.171094,7.68823,5.66716,9.010442,6.538765,5.310125,6.174531,8.985362,5.160834,6.428961,3.685915,7.520156,9.50091,8.405273,5.883033,6.994834,8.127144,4.58981,8.123298,8.012016,6.065742,7.539793,7.738146,3.730322,7.020564,6.634607,7.169645,4.504169,5.853503,7.084478,5.404217,4.377378,7.482976,2.809739,6.602067,7.274175,7.206756,6.663263,7.350252,4.487172,8.893096,8.694642,7.066633,7.080125,4.571371,7.315486,9.539341,8.867756,6.545239,10.39832,9.161397,7.172896,4.037772,10.07579,6.695196,5.061719,6.932745,8.61306,8.805359,7.6004,control
GSM3507260,6.101103,8.568368,7.68942,6.242602,6.909551,6.269956,8.03021,5.947077,8.045327,4.895889,8.813153,7.286989,6.967157,7.901818,8.94963,5.988287,10.26709,9.382226,6.354813,4.800123,7.810543,10.73813,8.122931,7.211824,6.962808,5.42164,6.634917,7.493014,6.174198,7.579568,6.616957,5.445297,11.01925,8.28416,6.687597,6.710864,9.868509,5.595922,6.563395,11.99491,7.682552,7.927298,5.845552,8.833033,7.598761,7.213337,7.840954,10.02469,5.61341,6.215216,4.107743,7.462245,9.938358,8.52911,5.639582,7.270768,7.654365,4.884994,7.866793,7.539873,6.463758,8.511436,8.810163,3.807976,7.466117,6.886458,7.406154,5.303301,6.465106,7.59491,6.617234,5.222873,8.227244,4.181593,7.525496,7.824858,7.278663,7.249752,7.642283,4.662222,10.37516,10.21773,8.405245,7.47505,4.52303,7.399248,10.2991,9.602233,6.617363,10.42954,9.265532,8.2006,5.747994,10.62143,7.496553,5.774055,7.074483,8.955069,9.694869,7.443287,control
GSM3507261,7.875426,9.504213,8.494108,6.513124,7.356549,6.893177,7.640386,6.566737,8.789103,5.569018,8.85961,8.217321,7.444085,8.510697,9.431467,7.384784,9.834111,8.506067,6.496471,5.774735,8.48909,10.12987,7.628809,8.097452,7.088266,5.672449,6.962048,8.143029,6.873474,8.242554,7.134811,5.860349,11.15651,8.254995,6.990152,6.788713,10.17972,6.317566,7.323718,12.35023,8.237066,9.293729,6.358745,9.417471,7.912963,6.515896,8.087911,10.59026,6.178644,6.944214,4.614508,8.052155,10.39634,9.087257,7.018954,7.529732,8.64154,5.155006,9.211915,8.641846,6.96133,8.421974,9.303102,4.236027,7.556223,8.089336,7.851117,6.498835,6.216163,7.950431,7.42646,4.938334,8.602874,4.121682,7.444044,7.82359,7.954603,7.593016,8.302685,5.001419,9.740449,9.934536,8.302606,8.382421,4.832527,8.041201,10.68223,10.06782,7.501144,11.69553,9.627067,8.526621,4.599351,10.97538,7.202229,6.524261,7.166028,9.439993,9.482773,7.618498,SONFH
GSM3507262,8.141576,10.03024,9.226085,6.876479,7.210435,6.573769,7.858333,6.67908,9.578898,5.561942,8.564416,8.652489,8.362701,8.369186,10.04318,7.029945,8.991001,8.453867,6.621305,6.044458,8.755416,9.361707,7.594585,7.907023,7.752206,5.459992,7.230401,8.829001,6.674294,8.002508,7.416223,5.409904,11.46023,7.208161,7.663522,6.922367,9.880347,6.284365,6.672001,12.49188,8.181003,8.775195,6.574675,9.475842,7.465117,5.915624,7.602551,10.6527,5.952609,6.827261,4.893587,9.081528,9.83541,9.011791,7.084697,7.607637,8.756291,5.465222,9.12485,8.985453,7.214034,7.799893,8.84919,3.77685,7.412539,7.799573,7.733227,7.066538,6.87731,8.063075,6.665473,4.711674,7.7623,4.005614,7.181509,7.536071,7.897951,7.523965,8.381419,4.382175,9.004772,9.312564,7.785421,8.248409,4.486855,8.549171,10.45483,9.746727,7.470389,11.835,9.989044,8.580243,5.104526,11.19272,7.12952,6.152547,7.809021,9.283384,10.26648,7.948265,SONFH
GSM3507263,7.403821,9.238935,8.56298,6.659026,7.21184,6.679171,7.971907,6.488019,8.817678,5.194899,8.740775,8.251106,7.558172,8.282917,9.391264,6.183393,10.18431,8.847819,6.786344,6.076948,8.171887,10.72034,8.072205,8.339977,7.374946,5.89315,7.131297,7.846399,6.259141,8.177601,7.412395,5.744718,10.72824,8.06845,7.276517,6.88594,10.226,5.473304,6.72109,12.25041,8.052791,9.171336,6.501809,9.541388,7.598941,6.51936,8.273389,10.77212,6.183846,6.836462,4.318249,8.28667,10.05975,8.750904,6.778558,7.320031,8.449435,5.106245,9.050602,8.520706,6.912879,8.285333,9.193531,4.028235,7.251908,7.264864,7.954376,6.277125,6.737078,8.722684,6.524708,5.384778,8.66139,3.953923,7.66281,7.912905,8.202097,7.368588,7.893939,4.537195,10.30329,10.16608,8.289145,7.884447,4.697574,7.751656,10.69637,9.728348,7.530699,10.80756,9.547277,8.164636,5.124049,10.913,6.996904,6.178375,7.542471,9.66439,9.484677,7.966724,SONFH
GSM3507264,7.164549,9.047409,8.279549,6.363978,6.947764,6.633478,8.037062,6.301594,8.637918,5.253983,8.751945,7.964998,7.291188,8.221005,9.17697,6.631104,9.335537,8.427665,6.446532,5.537056,8.098106,10.29153,7.447749,7.706807,7.0609,5.562937,6.816704,8.069608,6.393025,7.857161,6.824448,5.687712,10.76949,7.634298,6.806712,6.774816,9.880344,6.00214,6.882687,12.10178,8.16662,8.414699,6.299048,8.756067,7.555483,6.305876,7.806356,9.928876,5.678436,6.609471,4.508924,7.691022,9.856201,9.021479,6.15726,7.422162,8.801979,5.145408,8.188537,8.074839,6.699006,8.221132,9.122987,4.203539,7.36513,7.534051,7.323256,6.208277,6.536683,7.793361,7.272471,4.730414,8.280864,4.524016,7.112738,7.892813,7.477352,7.474882,7.924274,4.971493,9.868237,9.574239,8.088335,7.726117,4.732552,7.848307,10.16968,9.46194,6.912067,11.49019,9.514947,8.283861,5.05897,10.74793,7.376582,5.693203,7.111662,9.342627,9.518445,7.721189,SONFH
GSM3507265,8.155538,10.16901,8.920455,6.575626,7.685016,6.916117,7.697733,6.452776,9.45451,5.482529,9.332997,8.477476,8.300408,8.620265,9.926079,8.180485,9.580446,8.410009,6.529536,6.062044,8.435618,10.16522,7.364014,7.774399,7.466766,5.84761,7.346329,8.920268,6.544989,8.503155,7.127809,5.900449,11.30363,7.697769,7.139813,6.824554,10.04251,5.648698,7.238688,12.45297,8.949833,8.611962,6.904133,9.276564,8.361362,6.242536,8.569627,10.62938,5.847686,7.121998,4.902407,8.35955,10.11764,9.704119,6.974435,8.072259,9.222364,5.283388,9.357981,9.05084,7.179522,8.59777,9.915871,4.117818,7.907769,8.171317,7.857663,7.401545,6.973924,7.968425,7.723968,4.5001,8.017879,4.10236,7.25309,7.720647,7.902319,7.840263,8.937266,4.731749,9.863018,9.794095,7.844426,8.082235,4.854169,8.566773,10.35375,10.28907,7.254827,12.52964,10.07736,9.230705,4.917655,11.27761,7.729778,6.06772,7.329583,9.619144,10.18607,8.279098,SONFH
GSM3507266,8.011526,9.845533,8.995655,6.638,7.386886,6.948826,7.609879,6.325402,9.261312,5.389126,8.897678,8.918395,8.22991,8.485353,9.603988,7.825675,8.882436,8.031056,6.491737,6.041864,8.412918,9.100122,7.01245,7.816623,7.27789,5.825232,7.378479,8.698558,6.547688,8.042205,7.202257,5.800782,10.8439,7.578215,7.120001,7.207189,9.920586,6.226992,6.933632,12.25345,8.738108,8.678004,6.820271,9.310118,8.19704,5.638699,8.009563,10.25189,5.971902,6.877204,4.874783,8.311246,10.157,9.461976,6.627505,7.944048,9.039023,5.363354,9.23646,8.816792,7.241378,8.131584,9.517341,4.0644,7.700212,7.994891,7.683596,6.68722,6.724724,7.908663,7.760673,4.639518,8.048523,4.232879,7.211946,7.87953,7.938726,7.795095,8.728269,4.787493,8.816289,9.453127,7.853259,8.320155,5.272852,8.398978,10.4712,9.97691,7.369219,12.15031,9.936536,8.633702,5.086629,11.09307,7.468768,5.838352,7.535182,9.523581,10.17246,8.230256,SONFH
GSM3507267,6.990666,8.526999,8.280076,6.436934,6.466954,5.819394,7.080796,6.248219,8.129995,5.022483,8.192649,7.922503,7.074677,7.988357,8.59355,6.176591,8.333262,8.273737,6.430625,4.290393,7.302798,9.52261,6.647883,7.301647,6.89924,5.249646,6.750305,7.535758,5.549304,7.399701,6.122464,5.149782,9.805217,6.85487,6.762134,6.947139,9.175106,5.599346,6.096179,11.53022,7.235069,7.444011,5.781246,8.654886,7.112957,5.590738,7.065564,9.267594,5.289357,6.326111,3.961401,7.714527,9.470074,8.2783,5.969392,6.977861,7.985312,4.153367,7.825539,8.000645,6.270334,7.370752,8.254413,4.136836,7.208814,6.709359,6.775723,5.668903,6.261044,6.687654,6.341619,4.341822,7.649115,3.402872,6.180935,7.0656,7.154222,7.535994,7.03837,4.148605,9.070662,8.765361,6.877749,7.15816,4.765276,7.397137,9.144255,8.863235,6.41311,10.57526,9.001036,7.312079,4.368744,9.894882,6.748209,5.107381,7.099039,8.516264,8.935561,7.424877,SONFH
GSM3507268,7.233706,9.405066,8.619897,6.415856,7.145791,6.687636,7.91966,6.236576,8.681231,5.531263,8.710603,8.272151,7.54887,8.070629,9.47882,6.975217,8.794781,7.904554,6.663399,5.426005,7.950514,9.400063,6.775112,7.780005,7.053736,5.505405,7.095832,8.214231,6.276837,7.939608,6.805326,6.047987,10.74683,7.559817,6.930899,6.899434,10.01718,5.659485,6.655995,12.27141,8.401085,8.122554,6.40548,9.229397,8.170501,5.882727,7.699875,9.900755,6.019023,6.729424,4.654195,7.860289,10.35856,9.19258,6.10795,7.441728,8.836553,5.159877,8.664484,8.275425,6.799129,8.154196,9.083081,4.138573,7.674123,7.716561,7.506005,6.143818,6.474375,7.756364,7.32558,4.606497,7.949785,3.967935,7.094228,8.038947,7.636972,7.541564,8.400732,4.871563,9.040579,9.604321,7.859747,7.71632,5.033923,8.259639,10.32342,9.627969,7.075785,11.79154,9.640867,8.342304,4.712582,10.898,7.395833,5.606501,7.245555,9.270531,9.754488,7.938601,SONFH
GSM3507269,7.552092,9.471576,8.482927,6.361448,7.026744,6.553288,7.416334,6.144984,8.739084,5.188995,8.744808,8.167233,7.729318,8.163498,9.293869,7.343925,8.658463,7.902458,6.371995,3.953864,7.917846,9.860402,6.878047,7.103988,7.014392,5.32397,7.039453,8.21961,6.130651,7.958439,6.681901,5.92767,10.42964,7.268306,6.864787,7.012568,9.476587,5.915723,6.388819,12.11859,8.380438,8.041516,6.333412,9.044952,7.575995,5.779568,7.714009,9.717796,6.25127,6.30294,4.478162,8.103917,10.05423,9.06608,6.498545,7.504872,8.832822,4.943021,8.727484,8.573133,6.781949,8.287458,9.013134,3.976219,7.35941,7.608797,7.209651,6.686916,6.63826,7.271033,7.584148,4.510246,7.57886,3.249045,6.831041,7.708499,7.867813,7.796109,8.3048,4.839874,9.421384,9.120461,7.470283,7.745412,5.13928,8.027229,9.844896,9.818324,7.053151,11.80527,9.588193,8.544079,4.769255,10.82042,7.292191,5.388953,7.20769,9.305339,9.705488,7.898211,SONFH
GSM3507270,7.445159,9.243071,8.561405,6.813657,7.066485,6.894883,7.63628,6.675035,9.044882,5.445614,8.841155,8.416033,7.728478,8.524652,9.61315,6.692503,9.196657,8.49782,6.765223,5.60732,8.180207,9.877107,7.567408,7.774869,7.455607,5.606244,7.420892,8.103231,6.410867,8.006161,7.077028,5.606156,10.87558,7.683134,7.275725,6.870544,9.913309,5.899871,6.632379,12.36528,7.998618,8.394671,6.710357,9.401073,7.487999,6.141139,7.958348,10.06909,6.370982,6.692666,4.821622,8.117778,10.16505,9.132598,6.273842,7.566967,8.808866,5.340392,8.683904,8.401199,6.852585,8.27229,9.218255,4.378704,7.676656,7.558026,7.828208,6.173194,6.743505,7.968616,7.154086,4.555988,8.221168,4.353799,7.260962,7.625894,7.793792,7.59094,8.506939,4.902566,9.628407,9.582536,7.95852,7.481015,4.869834,7.993051,10.36247,9.774202,7.321668,11.39327,9.694164,8.125645,5.118571,10.83114,7.252009,5.965508,7.346834,9.467434,9.7431,7.947412,SONFH
GSM3507271,8.432955,10.41124,9.010737,6.554929,7.718989,7.78987,8.437867,5.822322,9.798498,5.983513,9.107398,8.805244,8.008177,8.871348,10.21682,6.901984,10.02979,8.617052,6.519371,6.311028,7.960099,10.44248,8.155474,8.471626,7.384721,6.231763,7.409295,9.000168,7.011826,8.70476,7.762122,5.974677,12.07196,8.78532,7.016997,6.126521,10.85663,6.06585,7.733084,12.47754,9.44371,9.925177,6.856238,9.123934,8.931572,5.64549,8.35158,11.25405,7.082017,7.451616,5.368709,8.317842,11.10256,9.96314,7.833988,7.84027,8.807194,5.321632,10.27781,9.450447,7.498127,8.962753,10.00386,4.460347,7.652927,9.121945,8.543859,7.955976,7.321713,8.30092,8.436038,5.122908,8.747088,5.012694,8.381163,8.086095,8.37532,8.166012,9.024529,5.963544,9.995283,10.84079,8.503593,7.965121,4.308363,8.905931,11.10382,10.93981,8.045307,12.57601,10.29658,9.072369,5.894969,11.48528,7.10885,6.544408,7.200362,10.02481,10.5856,7.885384,SONFH
GSM3507272,7.596931,9.393912,8.747005,6.740976,7.248573,6.789491,7.684319,6.472054,9.065336,5.349678,8.968868,8.571755,7.803606,8.347734,9.552237,6.842639,9.301027,8.523463,6.682086,4.877841,8.101591,9.702789,7.266667,7.936519,7.297073,5.621753,7.21427,8.228493,6.370011,8.010715,6.865425,5.835931,10.97681,7.986799,7.182961,7.046226,9.849206,5.887467,6.696856,12.36007,8.246729,8.364435,6.63712,9.049698,8.029673,5.885751,7.835383,10.12216,6.034061,6.795707,4.902399,8.227356,10.12937,9.198202,6.415516,7.631503,8.738858,5.188921,8.840435,8.491119,6.970501,8.115489,9.065664,4.451982,7.665523,7.527444,7.714598,6.266907,6.431461,7.838226,7.363857,4.394965,8.018428,3.813231,7.073092,7.856872,7.877635,7.723172,8.369569,4.794288,9.34434,9.620257,7.730706,7.794221,4.759016,8.074333,10.11398,9.630974,7.327682,11.71167,9.699347,8.444061,5.108484,11.03354,7.301031,5.580379,7.652085,9.248262,9.800117,7.944683,SONFH
GSM3507273,7.528411,9.747814,8.606623,6.643541,7.324302,6.813032,7.45692,6.555787,8.920195,5.342678,8.924475,8.229809,7.651747,8.234821,9.728782,7.205775,9.945619,8.941337,6.576791,5.421121,7.559381,11.03435,7.46435,7.572085,7.398481,5.65607,7.24429,8.309787,6.359661,8.195213,7.178765,5.498967,11.12381,8.056242,7.155845,6.798005,10.29981,5.923508,6.79012,12.46525,8.720312,8.58625,6.579267,9.228015,7.958162,6.291776,7.981218,10.47579,5.789833,6.741885,4.742831,7.914355,10.23491,9.40353,6.361334,7.910233,8.84029,5.126784,8.836402,8.492247,7.150633,8.564156,9.526879,4.142673,7.748703,8.035433,7.521817,6.376041,6.347705,7.984853,7.47683,4.708009,8.282162,4.359232,7.268464,7.794466,7.375394,7.731066,8.408605,4.885088,10.73311,10.01634,8.059896,7.953863,4.995879,8.555034,10.56669,9.643013,6.953672,12.06406,9.621126,8.993735,5.156394,11.08171,7.579844,5.990225,7.372386,9.335715,9.686131,7.571001,SONFH
GSM3507274,8.164824,9.808942,8.408052,6.582388,7.350039,7.110575,8.165253,6.349911,9.325604,5.205926,9.102965,8.323446,8.002688,8.546347,9.394452,7.82758,9.746442,8.296271,6.727202,6.122182,8.592857,10.6915,7.496861,7.805428,7.62751,5.896145,7.152188,8.302168,6.781017,8.441517,7.249136,5.917863,11.31881,8.079188,7.072644,6.996281,10.55451,5.72304,7.283042,12.48357,8.833752,8.924582,6.45314,8.94313,8.422565,6.198269,8.361735,10.75114,5.958175,7.135581,5.068795,8.383662,10.26266,9.825731,6.50195,7.910906,9.32505,5.248282,9.33547,8.382876,7.22485,8.690546,9.651821,4.335946,7.878326,7.660058,8.026478,6.901221,6.698392,8.139188,7.768613,5.214873,8.257061,4.241184,7.802834,8.047505,7.718405,7.786098,8.744073,4.943092,10.24592,10.1225,8.191798,7.889462,5.026388,8.415298,10.7187,10.56673,7.562487,12.27081,10.03363,8.691813,5.382051,11.36937,7.749812,5.872148,7.368321,9.736986,10.47915,8.075784,SONFH
GSM3507275,7.25208,9.271743,8.50321,6.673115,7.103109,6.8293,7.300763,6.376186,8.790459,5.18425,8.871881,7.757746,7.363226,8.308074,9.880648,6.841464,10.05267,8.65864,6.535645,5.000542,7.98037,10.28637,7.670575,7.439898,7.407506,5.525873,6.835799,7.716875,6.043372,8.023245,7.292178,5.921491,11.39281,7.865646,7.135183,6.895293,10.10885,5.779306,6.71666,12.4879,8.128131,8.426694,6.422961,9.614647,7.391787,6.558431,8.051957,10.17601,5.847871,6.477676,4.667566,7.624681,10.15199,8.89609,6.370163,7.514953,8.56304,5.237353,8.563173,8.309504,6.714498,8.053477,9.129786,4.269623,7.358551,7.639468,7.508504,5.567528,6.271003,7.48767,7.074622,4.806232,8.247156,3.341868,7.20835,7.95999,7.70146,7.71373,8.10535,4.707166,9.794602,9.595425,8.201294,8.056363,5.168242,8.095109,10.51015,9.600368,6.855161,11.12489,9.591278,8.632149,5.227962,11.23825,7.26601,5.642265,7.300293,9.582403,9.634721,7.607474,SONFH
GSM3507276,7.37997,9.435194,8.487464,6.560087,7.175537,6.849974,7.907942,6.296542,8.669685,5.418392,8.702318,8.245712,7.532464,8.323483,9.320958,7.497074,9.045812,8.245603,6.509258,5.208914,8.079834,9.98916,6.961359,7.638847,7.14397,5.543359,7.035659,8.118515,6.149384,7.711116,6.833357,5.897124,10.60523,7.693412,6.926301,6.781425,9.995968,5.75944,6.709094,12.20384,8.291896,8.30896,6.550359,9.26644,8.033602,5.916633,7.417674,10.16048,6.104755,6.850386,4.301242,7.873792,10.60827,9.324269,6.414462,7.541021,8.450729,4.913005,8.923564,8.251458,6.661393,8.097174,9.111114,4.111265,7.71712,7.732231,7.709234,6.582932,6.448746,7.875521,7.672881,4.504169,8.073347,3.976072,7.088795,7.774551,7.643488,7.561841,8.072641,4.847413,9.604282,9.523519,7.885808,7.579797,4.851514,7.821798,10.21729,9.909045,7.069356,11.81207,9.657074,8.159214,4.639647,10.86023,7.275706,5.442579,7.019492,9.240374,9.772512,8.023037,SONFH
GSM3507277,8.354503,9.916922,8.444268,6.563048,7.229887,6.711081,7.956213,6.61788,9.446583,5.649556,8.886239,8.26224,8.44279,8.34266,9.788803,8.342497,9.316772,8.448576,6.582401,6.627792,8.927488,10.49061,7.55017,7.934778,7.409866,5.924827,7.300068,8.940627,6.77491,8.418884,7.293645,6.037461,10.99447,7.930811,7.286489,6.82068,9.789261,5.767046,6.61309,12.25863,8.68038,8.360806,6.937378,9.321402,8.000707,6.258809,8.170111,10.525,5.985567,6.51201,4.872913,8.415469,10.08758,9.634972,7.172527,7.679955,9.439338,5.427823,8.911394,8.709375,7.232613,8.514277,9.899139,4.050858,7.825678,7.570103,7.826025,7.704388,6.765967,8.033609,7.884707,5.285029,7.826789,4.173814,7.558331,7.727437,7.840732,7.774629,9.200688,4.888054,10.11133,9.763961,7.681634,7.969403,4.87621,8.402445,10.13299,10.74896,7.854038,12.65549,10.27766,9.126711,5.149627,11.09949,7.715413,6.0978,7.295795,9.957184,10.51154,8.469291,SONFH
GSM3507278,7.488577,9.536626,8.614393,6.753649,6.940008,7.004614,7.652967,6.528271,9.006711,5.456977,8.568222,8.341547,7.73466,8.337234,9.573672,7.048382,8.669499,8.055432,6.33543,5.508549,8.707199,9.946262,7.003131,8.131289,7.478267,5.731889,6.99749,8.182436,6.667808,7.982197,7.217099,6.063325,10.87424,7.74693,7.139957,7.086879,10.32144,6.469675,6.492729,12.28957,8.344204,8.631565,6.488918,9.530206,7.839523,5.936204,7.782715,10.07096,6.279162,6.769509,4.915682,8.087568,10.67109,9.481197,6.259177,7.481674,8.675641,5.364847,8.957687,8.400312,6.919529,8.236959,9.248415,3.836253,7.553797,7.667921,7.985882,5.958291,6.314784,7.896168,7.795685,4.296463,8.062521,4.721818,7.587418,7.845265,7.721656,7.448569,8.539624,4.971909,9.559843,9.68312,8.161357,7.68738,4.690382,8.062288,10.62636,9.77152,7.306699,11.81233,9.909229,8.37641,4.443713,11.05801,7.155241,5.697676,7.387339,9.710701,10.06134,8.108997,SONFH
GSM3507279,7.788872,9.888657,8.462848,6.51369,7.212812,6.814357,7.926976,6.59385,9.205881,5.263831,9.149988,8.548034,7.888843,8.473851,9.700693,7.602112,9.224592,8.060997,6.412696,5.605831,8.505486,10.12326,6.95002,7.905221,7.146645,5.637517,7.343782,8.435418,6.725025,8.326917,7.238356,5.9159,11.38231,7.733908,6.975758,6.781293,10.52226,6.460121,7.002049,12.3872,8.97026,8.78911,6.739307,9.178439,8.268518,5.799008,7.874615,10.33891,5.94237,6.737056,4.906562,8.187085,10.65971,9.74091,6.395435,7.675379,9.119233,5.265116,9.259602,8.593328,7.163003,8.780422,9.671252,4.185604,7.843687,7.936559,7.863656,7.002766,6.835986,7.916849,8.121604,4.70312,8.327231,4.879691,7.509345,8.028872,7.773837,7.83784,8.729418,4.694562,9.742867,9.905807,8.211298,7.86903,4.97516,8.574735,10.60816,10.06825,7.455556,12.12953,9.937529,8.905992,4.879965,11.29129,7.655023,5.862051,7.325889,9.637092,10.2921,7.898831,SONFH
GSM3507280,7.624196,9.50627,8.299607,6.578038,7.250978,6.763156,7.91184,6.275908,9.092013,5.429572,9.110379,8.217206,7.775412,8.416076,9.183477,7.088357,10.02657,9.01106,6.527071,4.939278,8.41431,10.30235,7.505234,8.15117,7.430243,5.713128,7.368961,8.475516,6.776366,8.100859,6.896319,5.690104,11.04474,8.178271,7.081563,6.906506,10.38437,5.707612,6.878957,12.33873,8.372188,8.495298,6.490127,9.318265,8.139372,6.335018,8.176434,10.65813,5.841603,6.690161,4.698931,8.115157,10.37982,9.481478,6.459637,7.615136,8.778436,5.073928,8.923882,8.361046,6.874267,8.452183,9.623849,4.191124,8.064252,7.495121,7.775921,6.428336,6.557631,8.111381,7.771482,4.68603,8.312956,4.920973,7.642169,7.899024,7.786135,7.645115,8.369315,4.828941,9.878102,9.999565,8.290382,7.692481,4.966359,8.097919,10.33817,10.00866,7.072861,11.92844,9.840651,8.378849,5.330853,11.01147,7.477717,5.704393,7.415743,9.315411,10.0987,7.971587,SONFH
GSM3507281,7.320574,9.692973,8.944379,7.061182,7.59586,6.364894,7.57392,6.436211,8.932184,5.162147,8.45591,8.125173,7.949273,7.983108,10.0039,7.21698,8.822761,8.856112,6.533552,5.479178,7.66801,10.2075,7.89924,7.591131,7.719761,5.627744,7.288338,8.195963,5.898769,8.018728,7.072518,5.302844,11.10403,7.29537,7.636978,7.188144,9.806461,6.112474,6.712802,12.53559,7.936865,7.978599,6.487356,9.016798,7.283406,5.981627,7.577511,10.17692,5.534682,6.619347,4.872913,8.779944,9.756849,9.028842,6.46894,7.73218,9.306952,4.945127,8.759371,8.574808,6.489823,7.827946,8.819674,4.175802,7.446007,7.267149,7.198684,5.953035,6.456048,7.343414,6.914347,4.681588,7.534847,2.948521,6.504036,7.589657,7.366954,7.80126,8.13596,4.475731,9.916356,9.213687,7.414335,8.138559,5.078995,8.421322,10.1835,9.693539,6.738867,11.76822,9.629432,8.909344,5.066494,10.95572,7.274193,5.735645,7.712908,9.049366,9.383068,8.078719,SONFH
GSM3507282,6.950214,8.911393,8.383872,6.642535,7.02932,6.46609,7.207761,6.390071,8.869864,5.240535,8.790639,7.777691,7.434958,8.237907,9.525266,6.535662,9.451743,8.604405,6.59952,5.502457,7.916745,10.14382,7.551092,7.626359,7.309715,5.545763,6.742209,7.429932,5.816353,7.916646,6.681751,5.833457,10.72196,7.874315,7.104603,6.980653,9.75913,5.867328,6.6354,12.33027,8.03599,8.356123,6.61531,8.9744,7.221267,6.422442,7.844534,10.02902,5.911842,6.702225,4.839475,8.0441,9.764524,8.898472,6.083615,7.371079,8.618576,5.004112,8.402989,8.118074,6.739402,8.289924,8.363164,4.159272,7.322193,7.382596,7.690798,5.861395,6.142619,7.670831,7.427898,4.913645,7.999901,3.506275,7.212769,7.741355,7.580451,7.850482,8.05896,4.507265,9.91333,9.571346,7.708368,7.680503,4.879478,7.808213,10.34986,9.364655,7.005087,10.94356,9.397776,8.345128,5.236015,10.77252,6.914151,5.685926,7.499362,9.256256,9.260028,7.66338,SONFH
GSM3507283,7.789629,9.633291,8.317272,6.171923,7.222436,6.942743,7.872989,6.460114,9.292198,5.583212,8.875463,7.880866,8.130122,8.589519,9.454918,7.744296,9.609842,9.041098,6.500196,5.493963,8.895022,9.888171,7.556039,8.461987,7.436077,5.73455,6.883998,8.809131,7.193403,8.788147,6.829659,6.16661,11.12557,8.418158,6.777565,6.574142,10.4746,5.644781,6.811714,12.3522,9.330601,8.89908,6.852995,9.037453,8.150187,6.727852,8.576453,10.81891,6.482524,7.305494,5.326484,8.256424,10.28022,9.955938,6.770682,7.771098,9.163424,5.694375,9.248938,8.641953,6.905943,8.68047,9.421362,4.381065,7.6353,7.951401,8.144929,7.575984,6.540137,8.186294,8.974828,5.54373,8.263734,4.832058,8.25268,8.405097,7.912592,7.377364,9.113148,5.188609,9.505547,10.62351,8.232248,7.65451,4.864717,8.468284,10.60163,10.01303,8.176773,12.80741,10.09414,9.076492,5.405357,11.03366,7.284801,6.021297,6.945037,9.880026,10.40094,8.114458,SONFH
GSM3507284,7.234765,9.326451,8.807965,6.833905,7.107484,6.425447,7.625359,6.09585,9.006639,5.413785,8.741583,8.443928,7.881718,8.177657,9.611669,6.559669,8.754869,8.598371,6.820605,4.964761,7.347276,9.949762,6.993912,7.722713,7.377685,5.829458,7.192991,8.343186,6.277145,7.909091,6.502941,5.48156,10.79499,7.302222,7.178365,6.85387,9.741303,6.091197,6.385146,12.238,8.088409,8.249464,6.381437,8.769503,7.369549,5.810331,7.391807,9.972525,5.789599,6.728858,5.033905,8.302857,10.02682,8.940854,6.245814,7.446126,8.651213,5.062455,8.540506,8.403637,6.673919,8.192997,8.784569,4.272123,7.564492,7.591259,7.646285,6.402398,6.63571,7.693397,7.268995,4.693293,7.696585,3.936686,7.086162,7.744053,7.81298,7.978539,8.287724,4.260379,9.660861,9.317099,7.762774,7.719268,4.904048,8.277971,10.28976,9.436805,7.257185,11.43606,9.536039,8.44665,4.92568,10.60387,7.041932,5.803795,7.756129,8.962179,9.653467,8.06133,SONFH
GSM3507285,7.838997,9.579169,8.334892,6.288171,7.064887,7.224165,7.687671,6.260987,9.371704,5.427166,8.447727,8.244025,8.310621,8.357688,9.467035,7.814736,8.972379,8.138246,6.581455,6.016134,9.460227,9.931915,7.177542,8.312629,7.320382,5.795809,7.11447,9.452385,7.113195,8.275635,7.321982,6.352035,11.03246,8.414624,6.750239,6.647917,10.48169,5.867163,6.984933,12.16634,9.033321,8.79955,6.906888,9.140768,8.568743,6.15001,7.993149,10.54925,6.617658,6.98048,5.21725,8.00701,10.44548,10.05681,6.845889,7.675654,9.3351,5.805036,9.535395,8.48087,7.300306,8.659386,9.175887,3.973477,7.57985,7.956347,8.246717,8.160288,6.615055,8.199326,8.633003,5.155436,7.84198,4.918767,8.29606,8.102512,7.974584,7.368244,9.049207,5.446226,9.759402,10.29248,8.130152,7.96699,4.74552,7.907644,10.79968,10.43678,8.119467,12.59309,10.43109,9.039659,4.701085,11.15031,6.990479,6.208953,7.085478,9.831518,10.11257,8.462382,SONFH
GSM3507286,6.892175,9.040366,8.154421,6.284531,7.12911,6.447804,7.715351,6.328345,8.77487,5.102411,8.98909,7.601702,7.55807,8.330422,9.509782,7.099707,9.949533,8.807988,6.325947,5.441021,8.433831,10.64115,7.757391,7.424645,7.273638,5.645577,6.587753,8.183538,6.048351,8.025078,6.805944,5.58696,10.8892,8.234712,6.873382,6.799456,9.752468,6.272028,6.693521,12.27776,8.449381,8.573771,6.3135,9.050196,7.831282,6.685323,8.499897,10.45901,6.030557,6.634611,4.518211,7.895665,9.976342,8.849335,6.405488,7.461645,8.800823,5.393589,8.587285,8.252884,6.682805,8.43803,9.043285,4.292291,7.573032,7.313408,7.831882,6.699731,6.134519,7.516435,7.224126,4.859783,8.271322,4.498829,7.49463,7.884516,7.570397,7.555382,8.34974,4.66919,10.141,9.887843,7.96662,7.560677,4.699058,7.519423,10.35828,9.383265,6.959074,11.36798,9.755806,8.434237,4.947192,10.76543,7.026284,6.061477,7.226587,9.335968,9.123023,7.498034,SONFH
GSM3507287,7.690426,9.609114,8.532271,6.632782,7.350741,6.808045,7.764671,6.685028,9.333704,5.529147,9.149879,8.098099,8.031368,8.449897,9.859205,7.410673,10.20647,8.798416,6.436624,6.637828,9.273996,9.954584,7.985096,7.993545,7.61597,6.077992,6.973163,8.661664,6.285954,8.607122,7.086878,5.967824,11.46949,8.819125,7.021666,6.95269,10.69086,6.751269,7.01622,12.50629,8.777225,9.241847,6.646306,9.237288,8.407978,6.973452,8.657597,11.37875,6.396946,6.937235,5.384141,8.159156,10.69614,9.450123,6.688711,7.999388,9.320438,5.668715,9.368283,8.43188,7.506824,8.73215,9.708303,4.307008,7.761423,7.950882,8.500307,6.476302,6.215696,8.088079,7.485033,5.56698,8.442779,4.521307,8.156124,8.24568,7.891796,7.709176,8.796731,4.59869,9.837374,10.36579,8.744671,8.401074,5.182417,8.244578,11.09521,9.68696,7.335122,12.11182,10.30189,9.194127,5.089301,11.2723,7.550719,6.243353,7.6128,9.51038,9.913341,7.782965,SONFH
GSM3507288,7.341142,9.197777,8.293634,6.619045,7.537986,6.547721,7.432618,6.436134,9.07456,5.156419,8.912824,8.003656,7.739501,8.280047,9.664383,7.560994,9.935767,8.863436,6.824702,5.000266,8.151381,10.35432,8.409983,7.505679,7.578487,5.614756,7.096752,8.04765,6.735868,8.279007,6.799867,5.389603,11.09718,8.515089,7.12174,6.882581,10.16983,5.857193,7.199204,12.37949,8.213092,8.482937,6.464734,9.086781,7.986152,6.935266,7.819985,10.57903,5.905282,6.731359,4.859297,8.112188,9.826461,9.023656,6.353522,7.526347,8.669024,4.90384,8.641817,8.334999,6.742746,8.304099,9.290633,4.30743,7.759274,7.473162,7.637529,6.542785,6.620791,7.915128,7.540088,5.179223,8.695275,3.636555,7.444158,7.950526,7.618748,7.681356,8.343945,4.918914,9.947663,10.09468,8.210515,7.639057,4.641067,8.117247,10.28111,9.822951,7.311337,11.31599,9.77967,8.531813,5.496748,11.11891,7.392386,5.734441,7.231213,9.469957,9.70522,7.670869,SONFH
GSM3507289,7.486176,9.538393,8.909033,6.925904,7.055007,6.711498,7.735707,6.548358,9.074556,5.244143,8.953598,8.39548,7.980539,8.372512,9.643498,7.226953,8.928638,8.482936,6.698964,5.841191,8.581006,9.626976,7.103921,7.970013,7.584001,5.807238,7.307551,8.695907,6.080278,8.216191,7.287523,5.890533,11.01244,7.701062,7.335437,7.291389,10.35122,5.891744,6.692133,12.43652,8.410842,8.800242,6.969893,9.093693,8.084085,5.826433,7.890516,10.48702,6.394205,6.765628,5.416885,8.186015,10.58055,9.350282,6.377114,7.797791,8.723377,5.480349,9.096622,8.476032,7.152318,8.264656,9.396337,3.709283,7.574425,7.518497,8.228273,6.383049,6.658953,8.084956,7.314027,4.809742,8.166804,4.198741,7.620957,7.792107,7.85078,7.780091,8.38255,4.568178,9.37719,9.459639,7.785825,7.868388,5.336444,8.231884,10.73328,9.710001,7.489163,11.6009,9.974657,8.464452,4.954106,11.1185,7.154452,5.898737,7.811898,9.634576,10.1069,8.356576,SONFH
GSM3507290,6.904305,9.078086,8.367981,6.410842,6.968753,6.157908,7.351899,6.283246,8.392097,5.158492,8.606401,7.611861,7.660954,8.091218,9.476106,6.88259,8.992646,8.569266,6.508214,5.002827,8.004478,9.532136,6.91552,6.968619,7.172797,5.302312,7.082877,8.078365,5.799154,7.645208,6.746375,5.431264,10.49886,7.012262,6.903722,6.668205,9.444073,5.141025,6.494531,11.97257,8.086266,7.740159,6.134115,9.016434,7.200629,5.860845,7.752179,9.817631,5.319453,6.455901,4.158928,8.078941,9.267527,8.842853,6.0974,7.355979,8.537782,4.949551,8.017839,8.012236,6.733853,7.921823,8.59747,4.442001,7.442562,6.972376,7.286511,6.378807,6.300366,7.463284,6.99756,4.17309,7.095871,3.429826,6.69223,7.55296,7.209005,7.653615,7.889391,4.163053,9.22309,8.850285,7.177106,7.688181,4.924853,7.921469,9.619198,8.929978,6.780254,11.29589,9.379678,8.375463,4.88693,10.55642,7.040998,5.473304,7.35335,8.799902,8.828555,7.727715,SONFH
