sample,11720807_x_at,11729582_s_at,11739787_a_at,11740680_s_at,11719581_a_at,11756003_x_at,11736395_a_at,11729583_x_at,11742315_s_at,11742143_s_at,11732236_a_at,11725497_a_at,11736538_s_at,11731448_a_at,11737280_at,11745557_x_at,11736696_a_at,11728138_at,11729920_at,11720494_a_at,11745299_x_at,11727807_at,11753827_x_at,11732235_a_at,11753662_x_at,11739340_at,11728137_at,11721930_a_at,11728821_a_at,11733360_x_at,11737268_s_at,11752881_s_at,11746263_a_at,11727808_s_at,11752701_s_at,11739338_at,11727970_a_at,11751870_x_at,11723952_at,11715893_s_at,11750918_a_at,11737267_a_at,11722470_x_at,11754453_s_at,11727969_a_at,11745661_x_at,11725438_a_at,11715752_at,11733482_a_at,11758559_s_at,11737774_a_at,11721656_s_at,11756160_x_at,11741977_a_at,11724635_at,11757480_x_at,11731446_s_at,11739230_a_at,11716467_x_at,11724538_a_at,11718997_at,11716466_s_at,11717871_s_at,11751970_a_at,11728670_a_at,11730499_a_at,11740646_a_at,11725439_at,11727161_a_at,11728669_a_at,11750456_s_at,11737269_x_at,11752880_a_at,11722469_a_at,11744965_x_at,11758545_s_at,11739339_s_at,11743306_at,11729940_x_at,11747125_a_at,11743067_at,11721655_at,11726179_a_at,11715753_a_at,11745087_a_at,11758430_s_at,11749176_a_at,11721931_s_at,11719359_a_at,11731452_s_at,11739937_a_at,11749318_a_at,11747546_a_at,11741071_a_at,11733941_a_at,11721029_a_at,11728136_at,11739061_at,11715461_at,11756316_a_at,class
GSM3507251,1.736091,8.73293,3.802539,5.874669,7.00447,3.164706,7.177016,10.10315,5.907681,5.937729,4.99403,6.427765,5.915199,5.882703,7.810727,7.214436,6.964293,4.177295,4.954436,6.458408,6.292865,4.099481,7.250937,4.253155,7.054167,5.92027,6.5992,7.217052,4.277569,6.412936,5.155025,5.101368,7.085751,9.600315,5.040342,8.870037,5.63871,3.50673,6.323502,5.990334,4.087893,5.011745,5.16982,8.656445,6.307517,4.171605,11.27899,9.090311,8.048323,8.497303,5.440596,7.220813,6.075611,4.149736,7.763617,7.428829,7.566671,4.443777,8.177168,4.569173,9.223879,6.345981,6.764538,3.921659,5.649747,4.209336,6.87109,11.97214,5.856619,6.797106,5.023431,4.994056,4.003585,4.968098,7.016248,3.133564,10.01237,4.278721,4.326485,8.169231,7.266092,7.888256,2.796065,7.17977,5.384149,9.134279,7.824893,6.878427,7.970653,7.420826,7.399313,8.185987,5.626318,4.986784,4.036007,6.184038,3.559446,7.220876,11.61087,7.561344,control
GSM3507252,10.80675,11.21623,10.50652,8.663006,10.28933,9.388454,10.45849,12.94683,8.725281,8.607899,7.868501,11.04259,8.624262,9.541193,11.07417,11.80902,9.96174,7.881823,8.053823,7.207698,10.64557,9.141988,11.92994,6.73059,11.72102,9.793498,10.06711,10.09559,7.019146,8.833643,8.018767,8.078774,10.37626,11.83804,7.976721,12.02558,7.775052,6.308299,10.96436,10.46554,6.419081,8.200645,9.168177,10.27236,8.742691,6.110325,13.26159,7.97577,6.157817,9.340133,9.009374,9.890251,7.003067,7.344089,10.31348,11.92061,10.81097,7.853126,10.24344,7.685803,11.05697,8.747097,8.233387,7.939477,9.348122,7.441122,2.775437,13.13567,7.612829,10.11377,7.696024,8.242967,7.317662,8.618045,9.65905,4.3288,12.51121,6.654555,6.516255,10.76474,10.53915,9.667303,5.901105,6.666216,8.90073,12.49002,10.54426,9.175415,8.176903,9.080871,6.071286,10.49135,6.195482,8.459242,5.777721,6.566738,7.207697,8.789616,11.32742,5.1857,control
GSM3507253,9.37129,10.62525,8.256703,8.101383,9.050923,6.768762,9.215179,12.6179,8.245027,7.857437,7.683703,7.95552,7.919959,8.355137,8.522453,10.78942,9.920204,7.49146,8.593866,8.543353,9.810022,8.108831,11.34423,6.990414,10.82662,8.732722,9.543177,10.94088,5.780903,8.51029,7.356441,7.364122,9.458369,10.59702,7.349376,11.28631,7.798507,6.445415,10.7915,11.59922,5.321611,7.142222,8.011215,10.91664,8.667625,6.763692,13.2637,5.381186,8.304876,9.874104,7.632952,9.114132,8.12247,6.240745,9.699218,12.63707,9.429187,8.142523,10.43747,7.089528,11.55839,8.487377,8.026222,7.937757,8.802596,7.325934,5.021522,13.16944,7.044743,9.278097,7.650683,7.145116,6.229868,7.549795,10.61714,5.148388,11.815,8.839212,8.222312,9.839488,10.97457,9.246543,4.160248,3.810506,9.451416,12.05512,10.01152,10.20501,7.262987,7.608871,8.213614,10.12173,5.38759,7.690505,6.845113,5.791938,6.944016,8.536992,10.25118,5.500705,control
GSM3507254,9.460186,10.19644,7.907831,8.149967,9.483574,6.471226,9.673876,12.28693,7.973178,7.804259,6.749736,9.102225,7.960407,8.820645,10.00545,10.98067,9.331628,8.090366,7.680902,6.486973,9.826868,6.805356,10.99006,6.096196,10.86427,9.195862,10.16393,9.285774,5.888033,8.604115,7.204032,7.32614,8.606367,10.21533,7.168413,11.75697,7.170244,5.084542,9.095136,13.03225,5.428741,7.546532,6.945753,9.382859,8.171408,5.409542,12.52532,6.748736,6.44031,8.410751,8.440174,8.479558,6.242247,6.482472,8.918979,13.60911,10.24361,6.377123,9.562341,6.116328,11.24856,7.707511,7.741434,7.696635,8.064796,6.646576,5.49504,12.67699,6.014651,9.005497,7.387714,7.363699,6.656447,6.264627,8.586113,4.478887,12.10904,5.183475,6.49562,9.774572,9.692738,8.438573,5.103454,4.411476,8.95932,11.9514,9.599034,8.061143,7.342103,8.135298,5.920606,10.78119,5.068012,8.332199,5.699916,5.400999,7.390398,7.720881,11.18228,6.967706,control
GSM3507255,10.57418,11.09068,9.764305,8.281197,9.966805,8.597828,10.06115,12.8377,8.454098,8.213202,8.448383,10.4275,8.264534,9.673346,10.77009,10.92176,9.758898,8.708439,8.694458,7.700443,9.973259,9.079234,11.11676,7.580755,10.93524,9.249146,10.7925,8.818477,6.627501,8.890066,7.418587,7.543453,10.1571,11.56892,7.674555,11.9953,8.151865,7.037364,10.76665,9.615314,6.04865,6.647097,9.561088,10.4641,8.801292,7.148755,13.22518,7.366595,5.711877,9.731139,10.14817,10.25725,7.247702,5.54091,10.36423,11.08004,10.73912,7.347718,10.85988,7.411329,11.45976,9.048178,7.953624,7.947094,8.948547,7.512463,5.513792,13.19695,7.138193,9.915591,7.615753,6.638825,5.496929,9.015304,8.234544,5.470735,12.31953,5.556007,7.476936,10.48953,10.21544,9.797945,5.98431,6.290387,8.99667,12.59926,10.21724,7.800078,7.960345,8.773638,5.504714,10.3425,6.831984,8.543592,6.136942,7.062424,7.782275,8.2222,9.57072,6.428276,control
GSM3507256,9.676264,10.12291,10.63106,7.876316,9.238316,9.436772,9.389742,12.16234,7.97191,7.847722,7.013339,9.569218,7.567138,7.860137,9.526112,10.48709,8.432035,5.85881,7.321882,7.653397,9.57889,5.630871,10.77832,6.15251,10.49125,8.505514,8.379808,10.11183,6.453424,7.32244,7.07843,7.392475,8.411459,10.2148,7.143842,10.91827,6.267776,5.628811,10.2906,11.14578,5.786015,7.350005,6.91559,9.02731,7.335158,5.934243,12.87688,6.919941,6.977432,8.148791,3.547932,8.407643,7.159935,6.140845,8.545849,12.29478,9.340944,7.420457,9.074738,6.739162,10.73176,7.050895,6.866339,7.087494,6.011271,6.200613,4.388326,12.95575,6.722697,8.687426,7.585339,7.239224,5.947084,6.669819,9.582676,6.037648,11.58035,7.442576,6.680339,9.639766,9.744309,8.84846,5.220564,5.223484,8.589289,11.71962,9.839054,9.32137,8.401383,7.837439,6.479571,9.71549,5.286108,7.92345,6.178316,5.644972,5.009349,8.383389,7.546598,5.137545,control
GSM3507257,10.89628,11.79638,10.60354,9.851624,10.66081,9.595173,10.60374,13.53406,9.895985,9.806581,8.711367,11.00169,9.668638,9.827097,11.12502,11.63621,10.7488,8.907088,9.329871,8.057846,10.51009,7.783724,11.68828,8.191077,11.46648,9.683715,10.73814,10.47878,7.958577,10.12051,9.282298,9.316309,9.853762,11.10672,9.235086,12.02408,9.898367,7.671011,11.58554,12.5057,7.670094,9.396277,9.861277,10.61261,10.019,8.074608,13.53899,7.874085,8.237082,9.975142,9.358904,10.16474,7.919163,8.445107,9.980182,13.31185,10.98241,8.222046,11.13033,8.837404,12.23564,9.608952,8.86908,8.800108,9.242808,7.782454,3.731321,13.26157,8.436568,10.21699,8.806211,9.319741,8.604069,9.133192,10.3223,6.766939,12.41823,8.45363,8.213499,10.6907,10.80724,10.04998,6.276983,5.988004,9.975054,12.74301,10.73593,9.988756,8.305314,8.488625,7.628408,10.76656,6.981048,9.33939,7.124563,7.248124,8.757095,8.790442,7.845288,4.488803,control
GSM3507258,1.815625,6.717366,6.673732,4.369011,6.938884,5.184538,6.93788,8.959162,4.288306,4.471892,4.669218,7.708288,5.001933,6.005084,7.436206,6.905177,6.910491,4.843163,4.915001,4.066763,5.843014,4.642005,7.249216,3.249679,7.159014,6.366477,7.528552,7.62015,4.724324,6.762814,4.363943,3.66212,6.688575,8.407215,4.259893,9.500135,5.56535,2.873733,9.550803,13.0746,3.518617,4.329871,5.838849,7.550749,6.250932,3.403228,10.24451,4.52489,4.355912,6.795306,5.887131,6.617622,4.176777,3.284808,6.466972,13.81732,8.456455,4.434642,7.120992,4.027489,7.7534,5.456386,5.668262,4.48613,6.163297,4.041211,8.355439,10.56869,4.580088,7.231267,4.422336,4.466294,3.671072,5.389161,7.300267,2.349392,10.23235,3.989045,4.278876,8.07408,8.726298,6.881767,3.344654,3.392308,6.088218,10.00271,8.0581,6.979733,4.809197,5.601606,4.32758,9.755857,3.888638,7.584925,4.004428,4.452522,4.701881,6.029165,10.18021,8.760777,control
GSM3507259,11.05218,12.12613,11.90633,8.666756,11.15157,10.78421,11.25086,13.30907,8.74729,8.584756,8.281876,10.03731,8.632675,10.49915,11.05992,11.53262,10.48517,8.624088,8.686649,7.017447,10.59796,8.995209,11.92108,7.055787,11.52546,10.19536,10.39323,9.378567,7.290894,9.957262,7.795441,7.845303,10.71485,12.08902,7.958945,12.35833,9.165996,6.718687,11.22937,9.054829,6.744178,8.35753,9.509171,10.54109,9.908274,6.605161,12.86798,8.171928,6.498895,9.953217,3.273218,10.57808,6.846053,7.486901,10.852,10.73547,11.75319,7.340028,10.77942,7.857238,11.29582,8.797367,8.012957,7.745799,10.15811,7.255967,4.718121,12.78821,7.379609,10.58373,7.928327,7.889984,7.838483,9.011828,8.256903,3.716332,12.78662,5.095681,7.668504,11.10002,10.54355,10.18627,5.476298,6.729212,9.167351,12.46093,11.06331,8.371228,6.590853,9.006996,6.480522,9.857069,6.345819,8.331798,6.336639,6.709576,7.598826,7.732476,9.154664,5.103647,control
GSM3507260,1.968502,8.563044,3.961401,5.643051,7.3304,3.587532,7.488406,10.65219,5.36971,5.375114,6.641864,8.268433,5.25628,9.057079,7.754519,8.087192,7.393475,5.858877,7.338269,7.1502,7.080079,7.800306,8.276588,5.498274,7.892933,7.603907,8.56069,7.423429,4.886573,7.59465,4.945993,5.148617,8.448687,10.73072,5.103641,10.57007,6.872291,5.038793,10.23257,7.301145,4.404465,4.944792,6.962659,9.797777,7.278593,5.078041,11.11552,5.117413,4.986469,9.197536,9.132847,8.944586,6.773058,4.12269,10.52674,8.805066,10.20401,5.669613,8.935732,5.554319,9.685889,6.877691,6.153988,5.380594,6.970604,6.970822,8.146732,11.43076,5.233253,8.2077,5.088018,5.137811,4.50166,6.484911,6.763761,2.541794,11.43097,4.296415,6.03826,9.44086,9.605021,8.95227,3.019,3.623117,6.685258,10.91015,9.289027,6.837817,5.913395,8.276917,4.823946,9.720842,4.931805,6.021861,5.456977,5.301955,5.006162,5.512224,11.88534,6.440937,control
GSM3507261,7.348971,8.029869,7.511794,5.360209,6.499444,6.034967,6.668604,10.03589,5.399213,5.24435,4.387359,6.010363,5.473756,5.687101,6.983402,7.588062,7.3409,4.977634,5.362446,4.928712,6.566738,4.192734,7.618907,3.53185,7.544605,7.005141,6.972246,6.799774,3.509724,6.685648,4.571021,4.462551,6.495412,8.323676,4.614196,10.07578,5.017324,3.257329,9.756516,7.134357,3.279409,5.19355,5.019698,7.436287,6.661079,4.02115,10.049,4.876936,4.677485,6.660153,6.377039,6.616315,4.832705,4.074726,6.95282,8.481297,8.314487,4.533816,7.674453,3.94099,8.443025,5.828957,5.029892,5.610425,6.457903,4.233841,7.692232,10.44819,4.340944,7.112926,4.989677,5.100194,4.183274,5.234062,6.675753,2.21877,10.97156,3.631139,4.809686,8.808124,7.920804,7.110561,2.971355,3.307357,7.392158,10.12841,8.752531,6.717648,5.775822,5.788952,4.77466,8.49004,3.663069,6.62835,4.808192,4.019421,4.468528,6.688838,11.70536,7.898414,SONFH
GSM3507262,6.872732,5.892376,5.841602,4.026553,5.256474,4.391205,5.425634,7.734711,3.914541,3.559244,3.257445,6.203434,4.239,4.648804,5.765496,7.151614,6.142632,4.182483,4.652583,3.867742,6.310062,3.704502,7.412294,2.832825,7.091276,5.328384,6.698895,5.878298,2.636498,4.553928,3.46384,3.499261,5.302362,7.274448,3.854476,8.66513,4.578715,3.033471,6.724104,9.746211,2.824678,4.162182,5.142409,6.961617,4.481072,3.407596,9.630836,3.865306,3.631875,6.243791,3.072796,6.482925,3.998991,2.835421,6.322119,11.46843,6.262029,4.286054,7.160449,4.269567,7.827243,5.46124,5.05651,3.820066,5.376474,3.565435,7.854456,10.20183,3.962641,6.385266,4.25332,4.051967,3.285705,5.137215,6.223931,2.03745,9.553343,3.353638,4.422136,7.016052,7.480725,6.466915,2.13892,2.93448,4.770704,9.009809,6.793388,5.836786,5.437301,6.065272,3.751534,7.82926,3.690748,6.160913,3.12332,4.023734,3.785826,5.549546,12.14979,8.205016,SONFH
GSM3507263,1.895934,6.357855,3.454026,4.122661,5.56743,2.629454,5.853455,7.936018,4.061825,3.986739,3.082059,5.629105,4.287332,5.185414,5.444769,6.10446,5.677398,3.705979,3.45192,4.152143,5.092534,4.573884,6.838343,2.716825,6.471692,5.203594,5.968571,5.616245,3.399229,5.517046,3.737396,3.764917,6.384646,8.152134,3.539434,8.127307,5.064581,2.687516,6.300946,7.513673,2.832097,3.636684,5.259151,6.748917,5.050008,3.014268,10.04505,3.965635,3.854002,6.531103,5.078424,6.250294,4.291067,3.105827,7.101228,8.979489,7.893705,4.449461,7.280756,3.707321,7.93185,5.625808,4.419026,3.153947,5.57848,3.713584,7.461512,10.52822,3.777289,6.398892,4.392688,4.351367,3.855752,5.242558,5.754756,2.149037,9.255469,3.449641,3.815732,8.304969,7.541137,6.798756,2.572635,3.153947,5.197938,8.851265,7.894223,5.412763,5.577349,6.066273,3.835629,7.653168,3.002632,5.45214,3.776464,3.51237,3.487757,5.578667,12.47984,5.926784,SONFH
GSM3507264,2.022185,7.647568,4.700214,6.666329,6.39904,3.634228,6.654564,9.625836,6.911032,6.652365,5.026544,7.788359,6.727611,6.22824,7.586383,7.847679,6.882507,5.021579,5.798986,5.197101,7.070482,5.490027,8.174681,3.926202,7.916132,6.484187,7.538866,7.421181,4.376145,7.339499,6.082832,6.038521,7.759311,8.958973,6.021095,9.605961,5.931803,3.361495,8.777836,5.865071,4.413755,6.569242,5.812201,8.230638,7.299377,4.045111,11.50926,5.084467,5.151707,7.350638,4.59175,6.837334,5.110268,5.600833,7.22812,7.197921,8.994488,4.810496,8.08911,5.808706,9.57062,6.176053,5.5276,5.967066,6.382129,5.000793,7.51413,11.71827,4.508925,7.256656,6.197459,6.425024,5.728064,5.431405,7.155335,2.38133,10.3921,4.135879,6.165504,8.288498,8.827673,7.348248,2.779165,3.743953,7.309414,10.94959,8.430989,6.996398,5.783719,6.089298,5.065721,8.088266,4.042003,7.316463,4.339052,4.206302,4.97821,6.061273,12.48378,7.146899,SONFH
GSM3507265,6.322971,6.044831,5.654072,3.755726,5.248614,4.450103,5.390971,8.213433,3.934916,4.083924,3.234363,5.725797,3.64654,5.156443,6.532186,6.782932,5.821066,3.938775,4.14485,3.00006,5.813671,3.668936,7.298638,2.923247,7.17417,5.900751,6.385235,6.217379,2.911801,6.10423,4.410234,4.504901,6.272629,8.697266,4.377813,8.788928,4.817904,2.961711,7.594636,6.887664,2.168399,4.328242,4.831078,6.988961,6.015491,3.429505,10.20067,4.617184,3.867306,6.181753,2.348316,5.988004,3.617311,3.431273,6.50489,8.316337,7.233017,3.788887,6.722437,4.178473,8.398669,4.878936,5.19231,4.200514,5.619622,3.711844,9.237947,10.46467,4.42733,6.740816,4.767316,4.569606,3.704538,4.750865,6.523171,2.24018,9.676819,4.047887,3.787084,7.097922,7.546893,6.374416,3.041533,3.059094,5.80612,9.766479,7.050749,6.332925,5.255998,5.718252,4.011898,7.804583,3.576445,5.905199,3.659038,4.258123,4.228631,5.713415,11.05619,9.038687,SONFH
GSM3507266,6.477267,6.192103,5.589186,4.240118,5.126319,4.293082,5.295479,8.142019,3.773013,4.014596,4.674887,5.878715,4.320023,4.951298,6.109853,6.973584,5.373294,4.337595,4.731379,3.941891,6.115742,3.626855,7.445819,3.644565,7.156507,5.573771,6.831191,6.499221,3.252101,5.543128,3.851331,4.151103,5.490213,7.499806,3.995809,8.261452,4.497025,3.457072,7.344338,6.756175,2.838864,4.430918,5.676699,6.942388,5.491874,3.63923,9.481943,4.787493,3.767206,6.429173,6.758857,6.31679,4.199279,3.367145,6.614429,8.063047,7.518744,3.649664,6.76153,3.991444,7.662011,5.166613,5.38858,3.995809,5.620998,4.394029,9.070124,9.830235,4.189718,6.669032,4.729488,4.727724,3.590192,5.301926,6.749028,2.173224,9.203415,3.955664,4.390086,7.605189,7.496769,6.484526,2.862877,3.253716,5.703632,9.707466,7.335201,6.555203,5.616828,5.795228,4.070448,7.901959,3.412809,6.43547,3.553413,3.663292,4.934783,5.674642,10.97745,8.79187,SONFH
GSM3507267,8.561062,9.137469,6.276664,7.058991,7.843822,4.93802,8.175428,11.15972,7.007771,6.8931,6.209755,7.853909,7.038011,8.500845,8.200353,9.283711,8.302632,6.487824,7.2819,5.520383,8.495777,7.629137,9.523748,5.100673,9.460415,8.355974,8.730539,7.952275,4.924377,7.554334,6.186172,6.154395,9.357575,10.75004,6.29183,10.96422,6.368236,4.553008,8.772929,7.694108,4.395325,6.691175,7.462889,9.136403,7.722838,4.822593,12.08802,6.049227,5.248832,8.331117,6.593011,7.886055,5.470014,5.773269,8.592247,9.17641,10.10315,4.656109,8.954593,5.944217,10.37505,7.033145,7.503359,6.401433,5.967175,5.950778,6.183702,12.10254,5.656778,7.943203,6.67476,6.551438,5.811992,7.026324,7.790185,2.826054,11.39962,4.06511,6.462946,9.58305,9.290181,7.724577,4.268528,4.649129,8.076468,12.01413,9.363469,7.407784,6.88564,6.5935,5.210007,9.141817,4.409453,7.935575,4.90417,4.915416,6.24272,7.445772,9.457386,7.901662,SONFH
GSM3507268,1.977812,7.440827,5.831266,5.427076,5.868097,4.689584,6.018924,9.547366,5.569217,5.285665,4.361207,5.563437,5.356351,6.185628,7.287712,7.491152,6.684973,4.432722,5.38205,5.096158,6.834987,5.549505,8.109787,3.530823,7.811842,6.574796,6.912841,7.019749,3.475272,6.607591,5.306379,5.213634,7.68838,9.101046,5.401955,9.463762,5.705312,3.168643,8.296986,7.905624,3.257133,5.453307,6.04863,8.159339,6.751574,3.565039,10.57001,4.492987,4.430971,7.046076,2.763857,6.519705,5.245091,4.495169,7.118255,9.405424,8.555894,4.188519,7.511237,5.342678,9.4465,5.640584,5.558421,5.568663,5.934389,4.582121,7.338519,10.75801,4.672752,7.172446,5.42877,5.730008,4.511553,5.536277,6.930582,2.430966,10.36011,3.834197,5.13504,8.036077,8.494159,6.799577,2.63069,3.439971,7.11759,11.36767,7.980396,6.657516,5.729548,5.960768,4.594721,7.970874,3.733361,6.678355,4.621498,4.097118,4.464098,6.255201,12.74147,5.365389,SONFH
GSM3507269,2.07065,9.44371,4.15519,6.677179,7.375178,3.463482,7.546083,11.55481,6.725204,6.602256,4.792474,7.893944,6.535829,7.617148,8.369887,8.760581,7.528806,6.214377,6.314605,4.351716,7.675254,6.314605,8.967167,4.731904,8.647985,7.370718,8.710194,8.223253,5.014758,7.861289,6.160717,6.120269,8.441736,9.625719,6.31284,10.28561,6.83489,4.187125,10.09633,6.24306,4.561256,6.958321,7.237003,8.991003,8.248598,4.363375,12.25891,5.394172,5.407345,7.743449,7.682899,7.06711,4.76812,6.048481,7.608484,7.82387,9.262894,4.788675,8.593663,4.887571,10.30333,6.550752,6.225449,6.452364,6.752481,5.174625,7.141227,12.39739,6.032223,8.083078,6.694994,6.679855,5.972604,6.693295,7.872679,2.91644,10.96831,4.114283,6.088236,8.747643,10.01258,7.240997,3.161714,3.75338,8.005541,11.22754,8.741871,7.732047,5.675064,5.594145,5.277806,8.317544,4.2881,6.691792,4.641267,4.529419,5.974185,6.339337,12.09944,7.346248,SONFH
GSM3507270,7.218552,6.456463,5.193295,3.80923,5.616198,3.851331,5.742698,8.464096,3.786714,3.40285,3.925715,5.388734,3.884629,5.402708,6.773802,7.265405,6.419287,3.645759,4.767291,3.784081,6.062538,4.460759,7.337594,3.204014,7.1883,5.964123,6.245358,6.63453,3.022767,4.754526,3.857594,4.077692,6.902388,8.695517,4.148342,8.712925,4.72331,3.216022,8.285651,5.18274,2.563476,4.399567,5.232732,7.615553,5.182376,3.282998,9.794494,4.19238,4.183275,6.79632,5.74646,6.666838,4.235046,3.481019,7.219604,5.972238,7.900875,4.223294,7.327244,4.001931,8.482037,5.554322,5.381666,4.243035,5.641749,4.253321,7.900558,10.01401,4.229052,6.554506,4.753042,4.430987,3.679886,5.096719,6.591453,2.103219,9.755923,3.747265,4.182484,7.678808,7.555825,6.729003,2.288234,3.066297,5.962358,9.737576,7.750361,6.52739,5.416319,6.152348,4.183275,7.961852,3.210887,5.473623,3.766884,4.096161,4.1686,5.5753,11.55314,9.216897,SONFH
GSM3507271,7.308282,5.301753,4.497303,4.232573,4.838767,3.489177,5.068662,7.156078,3.683013,3.963821,2.821044,5.44471,4.40204,4.47209,5.570061,6.555672,5.030946,3.760947,3.654702,4.258347,5.577908,3.821878,6.501916,2.93854,6.729552,5.228302,5.75909,6.212667,3.131678,5.016153,3.355014,3.388997,5.817508,7.784389,4.051919,8.202787,4.611142,2.819061,6.538072,7.650871,2.795707,4.072957,4.273282,6.859739,5.139079,2.94054,9.657129,4.694306,3.944598,6.101951,4.100223,6.256821,4.584973,3.593318,7.051441,9.324394,5.978632,4.439455,6.938108,4.160808,7.344651,5.344381,4.412959,4.149945,5.657017,4.03641,9.24926,10.07389,4.21344,6.556496,4.234953,4.20921,4.013616,4.782962,6.177919,1.992406,8.93672,4.234025,3.929015,7.265758,7.170287,6.397884,2.09457,2.903347,5.759686,8.959287,7.111478,5.536302,4.740537,6.029034,3.879519,6.911497,3.983382,6.018247,3.453895,4.291002,4.242294,5.49177,13.02566,9.50643,SONFH
GSM3507272,6.790083,6.899008,6.934491,4.516967,6.150851,5.729138,6.2452,9.3104,4.437718,4.308332,3.95043,5.476294,4.693245,5.989056,6.91692,7.581242,6.195824,5.144231,4.895868,4.242649,6.660827,5.162703,7.642763,3.479913,7.520038,6.083708,7.459617,6.655234,3.395152,5.534777,4.478549,4.040947,7.146649,8.702602,4.497022,9.070396,4.84944,3.080651,8.55699,6.160753,3.377155,4.0664,6.044166,7.537107,5.77958,3.294722,10.31515,4.545519,4.662112,6.663391,5.764397,6.683976,4.298989,3.018955,6.724878,7.135845,8.341972,4.40209,7.288918,4.211801,8.219324,5.580379,5.354078,5.098299,5.914338,4.608177,7.829621,10.51711,4.362762,6.976209,4.724625,4.636156,3.913145,5.531895,6.761786,2.372327,10.04448,3.920631,4.89124,8.012141,8.01102,6.918803,2.444111,3.202635,6.882668,9.877134,7.986685,6.542601,5.564387,5.859728,4.529329,8.361156,3.598873,5.886202,3.989251,4.163648,5.08486,6.091065,12.46329,6.976882,SONFH
GSM3507273,7.247553,4.152866,4.188431,2.925758,4.742831,3.204396,4.83417,6.184172,3.24222,3.010317,2.559262,5.552033,3.053781,4.300869,5.558336,5.774313,4.855398,3.315599,3.517394,3.755306,4.931798,3.15204,6.393947,3.072461,6.122465,4.831132,5.235222,5.819553,3.026092,3.755228,3.402651,3.191531,5.503726,6.912509,4.047976,6.910331,3.963623,2.683244,4.686131,6.277671,2.764846,3.21107,4.608815,6.141274,4.246139,3.198229,8.446341,3.782223,3.670109,5.672402,3.312336,6.265675,3.989469,2.562407,6.302489,7.040976,5.782531,3.890435,6.640056,3.902708,7.191471,5.065058,4.777865,3.535166,5.366098,3.5956,8.334835,8.739689,4.148651,6.475679,4.008227,3.561726,3.366643,5.144724,6.061973,2.09185,7.913461,3.73901,4.028413,6.897778,7.063629,6.707986,2.608143,3.367063,5.3768,8.317977,7.027528,6.037952,4.614843,5.29575,3.997064,7.528316,3.252464,4.818127,3.034618,3.598631,3.94561,5.109179,11.39073,9.107368,SONFH
GSM3507274,6.839543,6.496937,4.317563,3.102006,5.532683,3.357098,5.706487,8.551279,3.013258,2.767645,3.742804,5.332963,3.143678,5.295994,5.409657,6.792515,6.047169,3.960451,4.579668,4.357645,5.607707,3.946296,6.785876,3.161209,6.789797,5.136431,6.430871,5.515204,3.346473,5.223468,3.537982,3.761288,6.04647,8.018421,3.760232,8.396905,4.778452,3.06476,7.038401,5.416868,2.6265,3.204577,4.586879,7.143706,5.170318,3.347288,9.584087,4.146002,4.004106,6.444976,5.293097,6.322739,4.338246,2.731245,7.183004,5.848826,7.270885,4.346768,7.072891,3.762812,7.963388,5.484642,4.651412,4.511564,5.591489,4.136794,8.38834,9.988773,4.401935,6.728236,3.881344,3.781235,3.342361,4.539323,6.087841,2.055468,9.384713,3.598218,4.020491,7.113355,7.239789,6.757987,2.672911,3.114562,6.084205,9.139595,7.284629,5.679752,5.096307,6.225322,4.172988,7.821498,3.402453,5.254155,3.371227,3.780663,4.123179,5.278515,12.70335,9.292713,SONFH
GSM3507275,6.133822,4.570847,4.329324,2.965102,5.338823,3.264879,5.550494,6.603584,3.339901,3.610398,3.073778,5.05196,3.518832,4.300148,6.071345,6.294672,4.610701,3.65721,3.919001,3.610398,5.593753,4.06544,6.727419,3.008795,6.474762,4.827868,5.41304,5.972662,2.917132,5.096449,3.569896,3.959326,5.771546,7.255264,3.914464,7.300732,4.798044,2.523713,6.700698,7.594095,2.307642,3.90451,5.231777,7.038528,4.785198,2.811163,9.952936,4.104525,3.860588,6.355433,4.482934,6.402718,3.936953,3.405998,6.607511,9.221837,6.626585,3.981748,6.987741,3.940983,8.096391,5.156554,4.623293,3.344147,5.350813,3.742808,7.404468,10.18021,3.933386,6.335746,3.802058,4.237899,3.761797,5.009827,6.281129,2.360263,8.38487,3.497101,3.506577,7.523205,7.482767,6.830456,2.433944,2.795246,4.645995,8.786528,7.427766,6.008708,4.3623,5.506235,4.199463,8.083108,3.126301,4.748602,3.081068,3.431351,4.041718,5.405838,11.86851,7.112518,SONFH
GSM3507276,1.784517,6.960538,5.164362,4.471865,5.477331,4.194556,5.939815,9.265087,4.446713,4.400035,4.058296,6.222085,4.56917,5.394965,7.153365,7.165879,6.365538,4.213681,4.990397,4.70312,6.390875,4.226755,7.647061,3.327925,7.552023,6.174825,6.60738,6.743546,3.562482,5.68353,4.669847,4.990398,6.893847,8.182369,4.9198,9.091973,5.049681,3.342689,7.911192,6.422482,3.185671,5.219531,5.963995,7.754186,6.012381,3.455617,10.46688,4.765626,4.464268,7.027824,7.077153,6.694462,4.932409,3.792269,6.974148,7.931849,7.808486,4.034003,7.559801,4.457359,8.815191,5.477578,5.51722,5.507665,6.149482,4.297581,7.561663,10.49583,4.432614,7.174129,4.922616,5.006394,4.070263,5.593756,6.628918,2.491828,9.944806,3.678081,4.941331,7.842846,8.069239,7.051393,2.526602,3.404624,7.010718,10.0074,7.999129,6.573023,5.414707,5.907138,4.531076,8.064208,3.624565,6.131637,4.236717,3.93124,4.405671,5.458476,12.20638,7.731284,SONFH
GSM3507277,1.989804,6.345305,4.624891,4.107971,4.716209,3.566478,5.082499,8.554638,3.740331,3.281736,3.5304,5.423254,3.614296,5.231647,6.391724,6.59126,5.724529,2.852599,4.095666,4.273351,5.674395,4.124697,7.273733,3.39474,6.829287,4.910707,5.046905,6.287416,3.42391,5.600205,3.978375,4.144532,5.955431,7.414392,4.182867,7.462667,4.580241,3.240797,7.604103,5.683885,3.040433,3.933858,4.387247,6.174826,5.077928,3.205007,8.782907,4.247816,3.798147,5.757517,4.20151,6.278877,4.331591,3.061165,6.315397,6.409046,8.111986,4.395088,6.752137,3.897214,7.598738,4.805278,4.790318,5.425754,5.524337,4.265084,7.345188,8.897326,4.080474,6.607995,4.292656,4.048072,3.185733,4.509902,6.38443,2.092838,8.568962,4.371283,4.113382,7.977516,7.615685,6.542106,2.662716,3.168037,6.882722,9.640549,7.793752,6.212906,4.914893,5.950738,4.113383,7.814914,3.71825,6.054487,3.175046,4.246664,4.123179,5.612035,12.25992,9.652509,SONFH
GSM3507278,1.918864,5.658277,4.605001,3.85202,5.027017,3.671484,5.153518,7.886028,3.923918,3.647807,3.336871,4.900318,3.809206,4.81335,5.79013,6.49107,5.524752,3.701809,4.258244,4.018152,5.337181,3.387009,6.485283,3.02649,6.467524,4.865082,5.823688,5.81347,2.902276,4.546745,4.040082,4.431397,5.668515,7.340961,4.26777,7.689041,4.372185,2.787977,8.438145,6.285285,2.650435,3.955306,5.056596,6.937925,5.204861,3.097924,9.476717,4.207051,3.661518,6.172147,4.725681,6.444533,3.756613,3.286194,6.59495,7.389549,7.568992,4.118686,7.191383,3.868211,8.058284,5.314512,4.862813,4.530282,5.063584,4.152316,8.643549,9.833584,3.844455,6.597328,4.418894,4.534827,3.550088,4.645662,5.927165,2.115334,8.907206,3.645097,3.292299,7.128854,6.999716,6.853053,2.394407,3.386966,5.89017,9.312203,7.161067,5.842232,4.785225,5.957006,3.849463,7.769364,3.550088,5.052137,3.506252,3.833816,3.978191,5.524102,10.88849,7.456032,SONFH
GSM3507279,1.702125,6.230299,3.671837,3.489764,5.92215,3.080091,6.04865,8.147943,3.223841,3.400201,3.363454,5.67063,3.193251,5.169234,6.679649,6.592198,6.257792,4.126649,4.87969,4.122779,5.610835,4.320364,7.031237,3.503551,6.66732,5.495225,6.742066,5.904787,3.399924,5.527439,3.930413,4.025765,6.291786,7.760335,3.967831,8.80877,5.351242,3.240521,7.789845,7.618427,3.028523,4.652602,5.088427,6.917714,5.552985,3.446726,10.42273,4.293061,4.086593,6.118311,3.02726,6.437242,4.306304,3.697908,6.89851,9.049397,7.550098,4.303916,7.313852,4.519261,9.029938,5.336843,4.957397,4.354802,5.734296,3.998596,9.002264,10.71478,4.407391,6.811775,4.659552,4.663256,4.080276,4.955939,6.189318,2.248208,9.786613,4.182126,4.326737,7.503598,7.657022,6.808015,2.589404,3.254877,5.942998,9.976446,7.568368,6.283644,4.599977,5.636015,4.235972,7.746952,3.778838,5.195284,3.386292,4.082909,4.359962,5.369424,12.56215,9.640371,SONFH
GSM3507280,6.830643,6.866009,5.747341,3.139657,6.080238,4.391435,6.33137,8.943629,3.378216,3.581956,3.411042,6.797238,3.617446,6.054969,6.06615,7.015173,6.28026,4.02397,4.803596,4.253321,6.049852,4.914814,7.551071,3.434302,7.145368,6.322495,6.284457,5.959519,3.370419,6.314004,3.982285,4.1436,6.76781,8.626495,3.815456,9.189683,5.336146,2.96257,7.146573,5.641728,2.911128,3.841945,5.580114,7.558309,6.514118,3.017723,10.46008,4.253321,3.929962,6.955084,2.60837,6.788842,4.582406,2.948992,7.02179,6.715785,8.457012,4.510505,7.396172,4.225399,8.366544,5.617781,5.170506,4.625617,5.480533,4.686812,7.638524,10.74811,4.293758,6.649966,4.48447,4.20427,3.444683,5.22628,6.32717,2.171222,10.14357,3.992976,4.455655,7.810738,7.574314,7.016526,2.507184,3.030081,6.192686,9.676199,7.64052,6.098329,5.304803,6.193174,4.086111,8.051453,3.312196,5.43959,3.17205,3.727551,4.181024,5.337564,11.49541,9.528527,SONFH
GSM3507281,2.070648,6.540123,4.46696,3.852072,5.19217,3.342111,5.350638,8.874056,4.527597,3.985134,4.513814,5.554918,3.807296,5.111201,6.017539,6.888073,6.315964,3.892977,4.020287,3.484402,5.891819,4.515985,7.26345,3.288141,7.081481,5.337018,6.089514,5.864393,3.369162,4.96952,4.613138,4.313287,6.371047,8.120125,4.368705,8.203978,4.013102,3.102261,6.990975,8.925672,2.629713,4.293196,5.088181,6.469869,5.168467,3.183781,8.923876,4.452913,3.931457,5.720305,2.990329,6.651104,3.7863,3.50926,6.454331,10.53387,7.475511,4.427542,6.901483,3.830452,7.484087,5.089015,4.768584,3.667765,4.94713,3.876408,6.456864,9.068115,4.175309,6.229279,4.560327,4.298471,3.717388,4.800123,6.300109,2.307757,9.362648,3.281067,4.21077,7.647242,7.341396,6.925195,2.398859,3.331809,5.730834,9.604097,7.332584,5.998824,5.028231,5.657194,4.040065,7.998034,3.421411,5.241637,3.324592,3.804345,4.369101,5.434366,12.02861,5.185421,SONFH
GSM3507282,1.710112,7.065508,5.441368,4.397248,5.721687,4.174288,5.951484,9.192338,4.747499,4.625573,3.895239,6.045924,3.857323,5.394152,6.974771,7.04226,6.036865,3.92638,4.220836,4.635768,5.853504,4.507343,7.315697,3.137471,6.972324,5.708497,6.630012,6.505732,3.74971,5.487684,4.53791,4.281984,6.577296,8.250664,4.772542,8.509572,4.889334,3.25692,7.449553,11.00313,3.330983,4.351373,5.527509,7.573271,5.808995,3.594574,10.11455,4.554625,4.234454,6.782055,7.266661,6.639564,4.693806,3.50246,6.902657,12.50746,7.405936,4.520686,7.265363,4.542901,8.588601,5.643186,5.102699,5.206049,5.314528,4.324171,6.452364,10.48673,3.849151,6.49247,4.648279,4.522587,3.834287,5.218693,6.494697,2.18466,9.451748,3.677457,4.422136,7.527601,7.530806,7.253091,2.687671,3.074459,6.746446,9.571028,7.647748,6.361383,5.307911,5.923911,4.216082,7.897597,3.300123,5.355366,3.893423,3.487959,4.381592,5.537881,12.72004,7.320137,SONFH
GSM3507283,2.179529,6.808247,3.821526,4.429269,5.707522,3.223184,5.876096,8.950917,4.762809,4.439675,3.520629,6.265471,4.60832,5.731286,6.591382,7.119857,5.74302,4.341509,4.126191,3.883133,6.321568,4.064013,7.469562,3.224248,7.280547,5.25048,6.574541,6.622631,3.489721,5.344581,4.422647,4.446715,5.878317,7.696759,4.327404,8.009077,4.576818,3.033031,6.510966,11.65185,3.047583,4.603004,4.608067,6.940882,5.173782,3.109078,10.01462,4.406736,4.08909,6.28185,6.48901,6.357969,4.108922,3.77579,7.263013,12.92634,7.281087,4.664718,7.022964,3.725566,8.253588,5.158148,5.126984,4.679257,5.68015,4.550145,7.47343,10.4342,4.485257,6.598503,4.733098,4.594554,4.000169,4.793794,6.644143,2.279997,8.91006,4.265551,4.346054,7.376732,7.59461,6.644144,2.649114,3.127702,6.13545,9.184126,7.278055,6.294755,4.585556,6.267113,4.173953,7.796507,4.292396,5.024601,3.459707,4.735357,4.23048,5.33077,12.92082,9.17506,SONFH
GSM3507284,2.045525,6.553893,6.233052,4.055501,5.727777,4.924174,5.742698,8.824343,4.105603,3.968398,4.026604,6.059195,4.140141,6.096946,7.46185,7.285664,6.797999,3.915591,5.459304,4.359681,6.486156,4.25156,7.665989,3.362777,7.330825,5.641809,6.972784,6.972959,3.797955,5.652377,3.832811,3.839106,6.307533,8.043908,4.342095,8.446469,4.750635,3.394572,7.624735,9.646977,3.338664,4.4142,5.701375,7.612166,5.523571,3.410108,10.43255,4.785942,4.305495,6.856833,5.473304,6.486989,4.377028,3.396453,6.783811,11.09771,7.95998,4.722621,7.210109,4.603224,8.919185,5.273617,5.23889,5.194626,5.343344,4.162919,7.791456,10.75826,4.291267,6.414811,4.631298,4.632351,3.53433,5.218031,6.942601,2.217737,9.325856,4.140141,5.396142,7.25309,7.914803,6.660737,3.115096,3.587096,6.979317,9.896173,7.447921,6.850235,5.480404,5.987928,4.297664,7.885296,3.934214,6.437767,4.2982,4.30547,4.557678,5.719687,10.44707,8.276218,SONFH
GSM3507285,1.964639,7.097771,5.146425,3.077763,5.857344,3.720728,5.969129,9.176745,3.465465,3.45223,3.985791,4.996724,3.366441,4.407031,6.196296,6.541119,5.475699,3.434508,4.072704,4.081248,5.726033,3.088297,6.995868,3.839411,6.682262,5.639433,5.809913,6.171326,2.970061,5.51922,3.9726,4.01412,5.78405,7.085709,3.913893,8.257353,5.066713,3.169238,7.638464,10.62071,3.016807,4.194556,5.153374,6.848395,5.159449,3.638686,10.45752,4.316087,4.370018,6.414884,4.354677,6.483362,4.259914,3.165799,7.553051,12.18566,6.182378,5.261656,7.109454,3.796167,8.809792,5.278267,4.632123,3.951584,5.70365,4.208113,5.823022,10.96343,4.131406,6.424312,3.956218,4.417182,3.530399,4.993075,6.050975,2.172571,9.626581,4.165068,3.998066,6.972347,7.086131,7.076227,2.2438,3.18552,5.943892,8.085273,7.365354,5.97438,4.756647,6.452776,4.153481,7.455119,3.573317,4.376183,3.593464,4.131158,3.353948,5.291645,11.78103,7.783293,SONFH
GSM3507286,7.321263,7.158306,5.287119,3.85202,6.936872,4.266978,7.158306,9.205025,4.377775,4.352162,4.402712,6.460445,4.18863,6.25743,6.972721,8.199724,6.711511,5.341598,5.141735,3.947022,7.498852,4.908184,8.537325,3.56273,8.342616,6.328788,7.877003,6.30535,3.812236,6.011116,4.204473,4.034685,7.02925,8.716202,4.506388,9.38648,5.014476,3.361388,8.525738,12.13675,3.438988,4.596647,4.855623,7.737912,6.033881,4.098908,11.13548,4.844295,4.139173,7.044266,7.122498,7.024973,4.668232,3.578842,7.750576,13.05893,8.53601,4.828517,7.844945,4.5734,9.164946,5.888935,5.180133,4.891024,5.702008,4.388962,8.07937,11.48768,4.570354,6.730274,5.038754,4.674257,3.696246,4.808071,6.636477,2.495602,10.35173,4.030817,5.182176,7.975481,7.876486,7.692191,2.711262,3.400278,6.382224,9.925132,7.896251,6.447851,4.608068,5.992702,4.242143,8.346677,3.159144,5.598089,3.94639,3.71809,4.951287,5.689295,13.02314,7.661613,SONFH
GSM3507287,1.966878,4.36996,2.880813,2.200666,5.289939,3.178089,5.368217,6.112896,2.177749,2.570975,2.275557,4.471683,2.734373,4.214427,4.710593,5.104703,4.26509,3.149186,3.51472,3.562318,4.676991,3.099435,5.965093,2.846993,5.53676,4.846774,5.597427,5.566396,2.908394,4.947149,3.01344,2.792393,4.985676,7.318949,3.188507,8.211864,4.358627,2.531859,5.852207,10.74618,2.376323,2.81731,4.725712,6.200106,4.608193,2.673767,5.954187,3.62855,3.245676,5.957849,5.331441,6.459586,3.707067,2.278702,7.152774,12.3586,5.287649,4.541277,6.381038,3.41297,4.710471,4.969728,3.872881,2.621022,5.245767,3.838902,8.380486,6.249378,4.311928,6.5439,3.161264,3.21107,2.685815,4.494745,5.566166,1.68433,9.234942,4.166239,3.228618,7.442626,6.580819,7.022358,2.255185,2.764883,3.816309,5.892018,7.339739,5.395611,4.807492,6.210512,3.21107,6.934464,3.910272,3.311215,3.275097,4.220371,3.471253,5.10047,12.75143,7.769792,SONFH
GSM3507288,1.981822,7.675887,3.123618,3.489177,5.915339,2.449622,6.107604,9.580579,4.279156,4.335145,3.444114,5.310865,3.730539,5.39886,6.75707,7.780091,6.097696,4.146059,4.922527,4.257176,6.99957,4.703149,8.181221,3.256579,7.770802,5.937074,6.759921,6.335747,3.132211,6.269619,4.15166,4.235908,6.445396,8.123962,4.009066,8.952868,4.976168,3.051601,7.418242,6.57449,3.406084,4.227295,4.590471,7.538667,6.50542,3.219301,10.52617,4.573136,4.115616,6.822477,2.812213,6.597571,4.289078,3.473897,7.046006,7.990707,7.716718,3.885224,7.545308,4.264318,8.280446,5.61063,5.315886,4.796231,5.290365,4.246078,7.409622,10.76889,4.016006,6.35596,4.379085,4.38628,3.689665,4.790359,6.54252,2.529423,10.00245,4.09529,4.563032,7.9291,7.746659,7.248241,2.419433,3.165944,6.191957,9.937714,7.781403,6.260604,4.595847,5.978042,4.133229,7.668612,3.889406,5.413939,3.331297,4.204945,4.444889,5.358739,13.25527,10.73921,SONFH
GSM3507289,1.553927,4.295212,3.740793,2.745396,4.202876,3.039655,4.25801,6.320032,2.751467,2.467819,2.771017,4.750866,2.732993,4.018017,5.208559,5.434788,4.307806,2.400103,4.010991,3.071171,4.679063,3.582142,6.07658,2.784703,5.941665,4.492543,4.425797,5.090228,2.806514,3.577871,3.123992,3.221084,5.240688,7.083053,3.464473,6.749258,4.120676,2.46957,6.319193,7.451169,2.352494,3.22807,5.252659,5.64831,3.695545,2.742607,7.500126,3.886311,3.494107,5.715623,2.303666,6.119083,3.571673,2.721918,6.630245,9.022695,5.567346,4.286482,6.804916,3.218281,6.291503,4.972619,4.195746,2.844501,4.988127,3.440214,8.614907,7.526284,4.090373,6.258892,4.135596,3.873169,2.894665,5.03155,5.477201,1.971592,8.100471,3.416209,3.403819,7.023194,6.396073,6.556128,2.226396,2.64341,3.563249,7.228231,6.741886,5.378855,5.171601,6.331813,3.511128,7.207874,2.981179,4.275007,3.396422,3.264906,3.633071,5.245008,12.72738,9.261459,SONFH
GSM3507290,2.004308,6.799548,6.042889,4.582941,6.527347,4.776959,6.458095,9.223511,4.501051,4.368131,4.370438,7.339511,4.904764,6.428609,7.791626,7.991644,6.589221,4.161176,4.981754,4.473345,7.291437,4.0235,8.531721,3.621176,8.143235,5.798597,6.80025,6.728426,3.724193,6.590305,3.579793,4.470393,6.068933,7.83715,4.289851,8.921322,4.902402,3.320332,9.20792,12.44378,3.48144,4.17467,5.87209,8.035418,6.695682,3.645515,11.05136,4.650485,4.204382,6.983721,3.278254,6.587056,4.47004,2.947759,6.797102,13.32571,8.80049,4.426201,7.342761,4.778483,9.454481,5.743814,5.491191,5.336444,5.710696,4.642376,7.750171,11.21272,4.450017,7.079533,4.755841,4.466755,3.379672,5.316678,6.891121,2.664051,9.823279,3.512196,4.868267,7.543859,8.288409,6.927341,3.083737,3.375248,6.9522,10.32019,7.617995,6.917288,5.373785,5.649732,4.472556,9.230273,3.849111,6.420034,4.02707,4.220367,4.739316,6.143995,12.28244,8.543502,SONFH
